book-of-poetry/odes-of-zhou-and-the-south/zhs	Guan Ju	3	之	之	tɕi55	tɕi55	tonal inexact	crossed	6-8
book-of-poetry/odes-of-zhou-and-the-south/zhs	Guan Ju	3	之	侧	tɕi55	tɕʰik̚3ʔ	inexact	-	6-12
book-of-poetry/odes-of-zhou-and-the-south/zhs	Guan Ju	3	之	侧	tɕi55	tɕʰik̚3ʔ	inexact	-	8-12
book-of-poetry/odes-of-zhou-and-the-south/zhs	Han Guang	2	矣	矣	aʔ3ʔ	aʔ3ʔ	tonal exact	crossed	119-121
book-of-poetry/odes-of-zhou-and-the-south/zhs	Han Guang	2	思	思	su31	su31	tonal inexact	crossed	120-122
book-of-poetry/odes-of-zhou-and-the-south/zhs	Han Guang	3	马	矣	ma51	aʔ3ʔ	inexact	paired	126-127
book-of-poetry/odes-of-zhou-and-the-south/zhs	Han Guang	3	马	矣	ma51	aʔ3ʔ	inexact	encircling	126-129
book-of-poetry/odes-of-zhou-and-the-south/zhs	Han Guang	3	矣	矣	aʔ3ʔ	aʔ3ʔ	tonal exact	crossed	127-129
book-of-poetry/odes-of-zhou-and-the-south/zhs	Han Guang	3	思	思	su31	su31	tonal inexact	crossed	128-130
book-of-poetry/odes-of-shao-and-the-south/zhs	Que Chao	2	之	之	tɕi55	tɕi55	tonal inexact	crossed	161-163
book-of-poetry/odes-of-shao-and-the-south/zhs	Que Chao	3	之	之	tɕi55	tɕi55	tonal inexact	crossed	165-167
book-of-poetry/odes-of-shao-and-the-south/zhs	Xing Lu	3	屋	足	ɔk̚3ʔ	tɕɔk̚3ʔ	tonal exact	-	230-234
book-of-poetry/odes-of-shao-and-the-south/zhs	Jiang You Si	2	以	以	i51	i51	tonal inexact	paired	295-296
book-of-poetry/odes-of-bei/zhs	Bo Zhou	2	忧	游	iu55	iu24	inexact	crossed	340-342
book-of-poetry/odes-of-bei/zhs	Bo Zhou	3	诉	怒	sɔ31	nɔ33	inexact	paired	347-348
book-of-poetry/odes-of-bei/zhs	Bo Zhou	4	也	也	ia33	ia33	tonal inexact	crossed	350-352
book-of-poetry/odes-of-bei/zhs	Bo Zhou	4	也	也	ia33	ia33	tonal inexact	-	350-354
book-of-poetry/odes-of-bei/zhs	Bo Zhou	4	也	也	ia33	ia33	tonal inexact	crossed	352-354
book-of-poetry/odes-of-bei/zhs	Yan Yan	3	之	及	tɕi55	kip̚5ʔ	inexact	paired	392-393
book-of-poetry/odes-of-bei/zhs	Yan Yan	3	之	泣	tɕi55	kʰip̚3ʔ	inexact	crossed	392-394
book-of-poetry/odes-of-bei/zhs	Yan Yan	3	及	泣	kip̚5ʔ	kʰip̚3ʔ	exact	paired	393-394
book-of-poetry/odes-of-bei/zhs	Yan Yan	4	及	心	kip̚5ʔ	ɕim55	inexact	paired	399-400
book-of-poetry/odes-of-bei/zhs	Ri Yue	2	土	顾	tʰɔ51	kɔ31	inexact	-	408-412
book-of-poetry/odes-of-bei/zhs	Kai Feng	3	薪	人	ɕin55	dzin24	exact	crossed	472-474
book-of-poetry/odes-of-bei/zhs	Gu Feng	2	菲	违	hui55	ui24	inexact	crossed	519-521
book-of-poetry/odes-of-bei/zhs	Gu Feng	5	之	之	tɕi55	tɕi55	tonal inexact	crossed	540-542
book-of-poetry/odes-of-bei/zhs	Gu Feng	5	之	之	tɕi55	tɕi55	tonal inexact	-	540-544
book-of-poetry/odes-of-bei/zhs	Gu Feng	5	之	之	tɕi55	tɕi55	tonal inexact	crossed	542-544
book-of-poetry/odes-of-bei/zhs	Gu Feng	5	之	之	tɕi55	tɕi55	tonal inexact	-	542-546
book-of-poetry/odes-of-bei/zhs	Gu Feng	5	亡	丧	bɔŋ24	sɔŋ31	exact	crossed	543-545
book-of-poetry/odes-of-bei/zhs	Gu Feng	5	之	之	tɕi55	tɕi55	tonal inexact	crossed	544-546
book-of-poetry/odes-of-bei/zhs	Shi Wei	2	故	露	kɔ31	lɔ33	inexact	paired	565-566
book-of-poetry/odes-of-bei/zhs	Quan Shui	2	淇	姬	ki24	ki55	inexact	encircling	606-609
book-of-poetry/odes-of-bei/zhs	Quan Shui	4	迈	害	mai33	hai33	tonal inexact	crossed	620-622
book-of-poetry/odes-of-bei/zhs	Bei Men	2	贫	之	pin24	tɕi55	inexact	encircling	631-634
book-of-poetry/odes-of-bei/zhs	Bei Men	2	哉	哉	tsai55	tsai55	tonal inexact	crossed	633-635
book-of-poetry/odes-of-yong/zhs	Bo Zhou	2	仪	只	gi24	tɕi51	inexact	crossed	703-705
book-of-poetry/odes-of-yong/zhs	Bo Zhou	2	仪	只	gi24	tɕi51	inexact	encircling	703-706
book-of-poetry/odes-of-yong/zhs	Bo Zhou	2	只	只	tɕi51	tɕi51	tonal inexact	paired	705-706
book-of-poetry/odes-of-yong/zhs	Qiang You Ci	2	言	也	gian24	ia33	inexact	paired	716-717
book-of-poetry/odes-of-yong/zhs	Qiang You Ci	2	言	也	gian24	ia33	inexact	crossed	716-718
book-of-poetry/odes-of-yong/zhs	Qiang You Ci	2	言	也	gian24	ia33	inexact	encircling	716-719
book-of-poetry/odes-of-yong/zhs	Qiang You Ci	2	也	也	ia33	ia33	tonal inexact	paired	717-718
book-of-poetry/odes-of-yong/zhs	Qiang You Ci	2	也	也	ia33	ia33	tonal inexact	crossed	717-719
book-of-poetry/odes-of-yong/zhs	Qiang You Ci	2	也	也	ia33	ia33	tonal inexact	paired	718-719
book-of-poetry/odes-of-yong/zhs	Qiang You Ci	3	言	也	gian24	ia33	inexact	paired	722-723
book-of-poetry/odes-of-yong/zhs	Qiang You Ci	3	言	也	gian24	ia33	inexact	crossed	722-724
book-of-poetry/odes-of-yong/zhs	Qiang You Ci	3	言	也	gian24	ia33	inexact	encircling	722-725
book-of-poetry/odes-of-yong/zhs	Qiang You Ci	3	也	也	ia33	ia33	tonal inexact	paired	723-724
book-of-poetry/odes-of-yong/zhs	Qiang You Ci	3	也	也	ia33	ia33	tonal inexact	crossed	723-725
book-of-poetry/odes-of-yong/zhs	Qiang You Ci	3	也	也	ia33	ia33	tonal inexact	paired	724-725
book-of-poetry/odes-of-yong/zhs	Jun Zi Xie Lao	3	也	也	ia33	ia33	tonal inexact	paired	742-743
book-of-poetry/odes-of-yong/zhs	Jun Zi Xie Lao	3	也	也	ia33	ia33	tonal inexact	crossed	742-744
book-of-poetry/odes-of-yong/zhs	Jun Zi Xie Lao	3	也	也	ia33	ia33	tonal inexact	encircling	742-745
book-of-poetry/odes-of-yong/zhs	Jun Zi Xie Lao	3	也	也	ia33	ia33	tonal inexact	-	742-746
book-of-poetry/odes-of-yong/zhs	Jun Zi Xie Lao	3	也	也	ia33	ia33	tonal inexact	-	742-747
book-of-poetry/odes-of-yong/zhs	Jun Zi Xie Lao	3	也	也	ia33	ia33	tonal inexact	paired	743-744
book-of-poetry/odes-of-yong/zhs	Jun Zi Xie Lao	3	也	也	ia33	ia33	tonal inexact	crossed	743-745
book-of-poetry/odes-of-yong/zhs	Jun Zi Xie Lao	3	也	也	ia33	ia33	tonal inexact	encircling	743-746
book-of-poetry/odes-of-yong/zhs	Jun Zi Xie Lao	3	也	也	ia33	ia33	tonal inexact	-	743-747
book-of-poetry/odes-of-yong/zhs	Jun Zi Xie Lao	3	也	也	ia33	ia33	tonal inexact	paired	744-745
book-of-poetry/odes-of-yong/zhs	Jun Zi Xie Lao	3	也	也	ia33	ia33	tonal inexact	crossed	744-746
book-of-poetry/odes-of-yong/zhs	Jun Zi Xie Lao	3	也	也	ia33	ia33	tonal inexact	encircling	744-747
book-of-poetry/odes-of-yong/zhs	Jun Zi Xie Lao	3	也	也	ia33	ia33	tonal inexact	paired	745-746
book-of-poetry/odes-of-yong/zhs	Jun Zi Xie Lao	3	也	也	ia33	ia33	tonal inexact	crossed	745-747
book-of-poetry/odes-of-yong/zhs	Jun Zi Xie Lao	3	也	也	ia33	ia33	tonal inexact	paired	746-747
book-of-poetry/odes-of-yong/zhs	Sang Zhong	2	矣	矣	aʔ3ʔ	aʔ3ʔ	tonal exact	crossed	757-759
book-of-poetry/odes-of-yong/zhs	Sang Zhong	2	矣	矣	aʔ3ʔ	aʔ3ʔ	tonal exact	-	757-762
book-of-poetry/odes-of-yong/zhs	Sang Zhong	2	矣	矣	aʔ3ʔ	aʔ3ʔ	tonal exact	encircling	759-762
book-of-poetry/odes-of-yong/zhs	Sang Zhong	3	矣	矣	aʔ3ʔ	aʔ3ʔ	tonal exact	crossed	764-766
book-of-poetry/odes-of-yong/zhs	Sang Zhong	3	矣	矣	aʔ3ʔ	aʔ3ʔ	tonal exact	-	764-769
book-of-poetry/odes-of-yong/zhs	Sang Zhong	3	矣	矣	aʔ3ʔ	aʔ3ʔ	tonal exact	encircling	766-769
book-of-poetry/odes-of-yong/zhs	Chun Zhi Ben Ben	2	强	良	kiɔŋ33	liɔŋ24	exact	paired	778-779
book-of-poetry/odes-of-yong/zhs	Ding Zhi Fang Zhong	2	室	瑟	ɕik̚3ʔ	ɕik̚3ʔ	tonal exact	encircling	788-791
book-of-poetry/odes-of-yong/zhs	Ding Zhi Fang Zhong	3	桑	臧	sɔŋ55	tsɔŋ55	tonal exact	crossed	796-798
book-of-poetry/odes-of-yong/zhs	Xiang Shu	2	仪	仪	gi24	gi24	tonal inexact	paired	819-820
book-of-poetry/odes-of-yong/zhs	Xiang Shu	3	止	止	tɕi51	tɕi51	tonal inexact	paired	823-824
book-of-poetry/odes-of-yong/zhs	Gan Mao	2	之	之	tɕi55	tɕi55	tonal inexact	paired	832-833
book-of-poetry/odes-of-yong/zhs	Gan Mao	2	之	之	tɕi55	tɕi55	tonal inexact	encircling	832-835
book-of-poetry/odes-of-yong/zhs	Gan Mao	2	之	之	tɕi55	tɕi55	tonal inexact	crossed	833-835
book-of-poetry/odes-of-yong/zhs	Gan Mao	3	之	之	tɕi55	tɕi55	tonal inexact	crossed	839-841
book-of-poetry/odes-of-yong/zhs	Zai Chi	2	悠	忧	iu55	iu55	tonal inexact	encircling	850-853
book-of-poetry/odes-of-yong/zhs	Zai Chi	3	臧	臧	tsɔŋ55	tsɔŋ55	tonal exact	-	856-860
book-of-poetry/odes-of-yong/zhs	Zai Chi	4	行	之	hiŋ33	tɕi55	inexact	paired	865-866
book-of-poetry/odes-of-wei/zhs	Shuo Ren	4	骄	朝	kiau55	tiau24	inexact	crossed	931-933
book-of-poetry/odes-of-wei/zhs	Mang	2	丝	淇	ɕi55	ki24	inexact	crossed	945-947
book-of-poetry/odes-of-wei/zhs	Mang	2	丝	期	ɕi55	ki55	tonal inexact	-	945-949
book-of-poetry/odes-of-wei/zhs	Mang	2	谋	怒	bɔ24	nɔ33	inexact	-	946-951
book-of-poetry/odes-of-wei/zhs	Mang	2	淇	期	ki24	ki55	inexact	crossed	947-949
book-of-poetry/odes-of-wei/zhs	Mang	2	淇	期	ki24	ki55	inexact	-	947-952
book-of-poetry/odes-of-wei/zhs	Mang	2	期	期	ki55	ki55	tonal inexact	encircling	949-952
book-of-poetry/odes-of-wei/zhs	Mang	3	关	关	kuan55	kuan55	tonal exact	paired	954-955
book-of-poetry/odes-of-wei/zhs	Mang	3	关	关	kuan55	kuan55	tonal exact	encircling	954-957
book-of-poetry/odes-of-wei/zhs	Mang	3	关	关	kuan55	kuan55	tonal exact	crossed	955-957
book-of-poetry/odes-of-wei/zhs	Mang	3	言	言	gian24	gian24	tonal exact	crossed	958-960
book-of-poetry/odes-of-wei/zhs	Mang	4	也	也	ia33	ia33	tonal inexact	crossed	970-972
book-of-poetry/odes-of-wei/zhs	Mang	5	贫	行	pin24	hiŋ33	inexact	-	976-980
book-of-poetry/odes-of-wei/zhs	Mang	5	贫	极	pin24	kik̚5ʔ	inexact	-	976-981
book-of-poetry/odes-of-wei/zhs	Mang	5	贫	德	pin24	tik̚3ʔ	inexact	-	976-982
book-of-poetry/odes-of-wei/zhs	Mang	5	行	极	hiŋ33	kik̚5ʔ	inexact	paired	980-981
book-of-poetry/odes-of-wei/zhs	Mang	5	行	德	hiŋ33	tik̚3ʔ	inexact	crossed	980-982
book-of-poetry/odes-of-wei/zhs	Mang	5	极	德	kik̚5ʔ	tik̚3ʔ	exact	paired	981-982
book-of-poetry/odes-of-wei/zhs	Mang	6	寐	之	bi33	tɕi55	inexact	-	985-991
book-of-poetry/odes-of-wei/zhs	Mang	6	矣	矣	aʔ3ʔ	aʔ3ʔ	tonal exact	paired	986-987
book-of-poetry/odes-of-wei/zhs	Mang	6	矣	矣	aʔ3ʔ	aʔ3ʔ	tonal exact	crossed	986-988
book-of-poetry/odes-of-wei/zhs	Mang	6	矣	矣	aʔ3ʔ	aʔ3ʔ	tonal exact	-	986-990
book-of-poetry/odes-of-wei/zhs	Mang	6	矣	矣	aʔ3ʔ	aʔ3ʔ	tonal exact	-	986-992
book-of-poetry/odes-of-wei/zhs	Mang	6	矣	矣	aʔ3ʔ	aʔ3ʔ	tonal exact	paired	987-988
book-of-poetry/odes-of-wei/zhs	Mang	6	矣	矣	aʔ3ʔ	aʔ3ʔ	tonal exact	encircling	987-990
book-of-poetry/odes-of-wei/zhs	Mang	6	矣	矣	aʔ3ʔ	aʔ3ʔ	tonal exact	-	987-992
book-of-poetry/odes-of-wei/zhs	Mang	6	矣	矣	aʔ3ʔ	aʔ3ʔ	tonal exact	crossed	988-990
book-of-poetry/odes-of-wei/zhs	Mang	6	矣	矣	aʔ3ʔ	aʔ3ʔ	tonal exact	-	988-992
book-of-poetry/odes-of-wei/zhs	Mang	6	矣	矣	aʔ3ʔ	aʔ3ʔ	tonal exact	crossed	990-992
book-of-poetry/odes-of-wei/zhs	Zhu Gan	2	淇	之	ki24	tɕi55	inexact	crossed	1004-1006
book-of-poetry/odes-of-wang/zhs	Shu Li	2	者	者	tɕa51	tɕa51	tonal inexact	crossed	1083-1085
book-of-poetry/odes-of-wang/zhs	Shu Li	2	忧	求	iu55	kiu24	inexact	crossed	1084-1086
book-of-poetry/odes-of-wang/zhs	Shu Li	3	穗	醉	sui33	tsui31	inexact	crossed	1090-1092
book-of-poetry/odes-of-wang/zhs	Shu Li	3	者	者	tɕa51	tɕa51	tonal inexact	crossed	1093-1095
book-of-poetry/odes-of-wang/zhs	Shu Li	3	忧	求	iu55	kiu24	inexact	crossed	1094-1096
book-of-poetry/odes-of-wang/zhs	Jun Zi Yu Yi	2	哉	来	tsai55	lai24	inexact	encircling	1111-1114
book-of-poetry/odes-of-wang/zhs	Yang Zhi Shui	2	薪	申	ɕin55	ɕin55	tonal exact	crossed	1134-1136
book-of-poetry/odes-of-wang/zhs	Yang Zhi Shui	2	哉	哉	tsai55	tsai55	tonal inexact	paired	1137-1138
book-of-poetry/odes-of-wang/zhs	Yang Zhi Shui	3	哉	哉	tsai55	tsai55	tonal inexact	paired	1143-1144
book-of-poetry/odes-of-wang/zhs	Zhong Gu	2	矣	矣	aʔ3ʔ	aʔ3ʔ	tonal exact	paired	1154-1155
book-of-poetry/odes-of-wang/zhs	Zhong Gu	2	矣	矣	aʔ3ʔ	aʔ3ʔ	tonal exact	crossed	1154-1156
book-of-poetry/odes-of-wang/zhs	Zhong Gu	2	矣	矣	aʔ3ʔ	aʔ3ʔ	tonal exact	paired	1155-1156
book-of-poetry/odes-of-wang/zhs	Zhong Gu	3	矣	矣	aʔ3ʔ	aʔ3ʔ	tonal exact	paired	1160-1161
book-of-poetry/odes-of-wang/zhs	Zhong Gu	3	矣	矣	aʔ3ʔ	aʔ3ʔ	tonal exact	crossed	1160-1162
book-of-poetry/odes-of-wang/zhs	Zhong Gu	3	矣	矣	aʔ3ʔ	aʔ3ʔ	tonal exact	paired	1161-1162
book-of-poetry/odes-of-wang/zhs	Ge Lei	3	父	父	hu33	hu33	tonal inexact	paired	1193-1194
book-of-poetry/odes-of-wang/zhs	Qiu Zhong You Ma	3	国	国	kɔk̚3ʔ	kɔk̚3ʔ	tonal exact	paired	1234-1235
book-of-poetry/odes-of-zheng/zhs	Jiang Zhong Zi	2	杞	之	ki51	tɕi55	inexact	paired	1261-1262
book-of-poetry/odes-of-zheng/zhs	Jiang Zhong Zi	2	也	言	ia33	gian24	inexact	paired	1264-1265
book-of-poetry/odes-of-zheng/zhs	Jiang Zhong Zi	2	也	也	ia33	ia33	tonal inexact	crossed	1264-1266
book-of-poetry/odes-of-zheng/zhs	Jiang Zhong Zi	2	言	也	gian24	ia33	inexact	paired	1265-1266
book-of-poetry/odes-of-zheng/zhs	Jiang Zhong Zi	3	也	言	ia33	gian24	inexact	paired	1272-1273
book-of-poetry/odes-of-zheng/zhs	Jiang Zhong Zi	3	也	也	ia33	ia33	tonal inexact	crossed	1272-1274
book-of-poetry/odes-of-zheng/zhs	Jiang Zhong Zi	3	言	也	gian24	ia33	inexact	paired	1273-1274
book-of-poetry/odes-of-zheng/zhs	Shu Yu Tian	2	人	人	dzin24	dzin24	tonal exact	paired	1284-1285
book-of-poetry/odes-of-zheng/zhs	Shu Yu Tian	2	人	仁	dzin24	dzin24	tonal exact	encircling	1284-1287
book-of-poetry/odes-of-zheng/zhs	Shu Yu Tian	2	人	仁	dzin24	dzin24	tonal exact	crossed	1285-1287
book-of-poetry/odes-of-zheng/zhs	Da Shu Yu Tian	2	组	所	tsɔ55	sɔ51	inexact	-	1300-1305
book-of-poetry/odes-of-zheng/zhs	Da Shu Yu Tian	2	舞	虎	bu51	hu55	inexact	encircling	1301-1304
book-of-poetry/odes-of-zheng/zhs	Da Shu Yu Tian	3	行	忌	hiŋ33	kʰi33	tonal inexact	encircling	1311-1314
book-of-poetry/odes-of-zheng/zhs	Da Shu Yu Tian	3	行	忌	hiŋ33	kʰi33	tonal inexact	-	1311-1315
book-of-poetry/odes-of-zheng/zhs	Da Shu Yu Tian	3	行	忌	hiŋ33	kʰi33	tonal inexact	-	1311-1316
book-of-poetry/odes-of-zheng/zhs	Da Shu Yu Tian	3	行	忌	hiŋ33	kʰi33	tonal inexact	-	1311-1317
book-of-poetry/odes-of-zheng/zhs	Da Shu Yu Tian	3	忌	忌	kʰi33	kʰi33	tonal inexact	paired	1314-1315
book-of-poetry/odes-of-zheng/zhs	Da Shu Yu Tian	3	忌	忌	kʰi33	kʰi33	tonal inexact	crossed	1314-1316
book-of-poetry/odes-of-zheng/zhs	Da Shu Yu Tian	3	忌	忌	kʰi33	kʰi33	tonal inexact	encircling	1314-1317
book-of-poetry/odes-of-zheng/zhs	Da Shu Yu Tian	3	忌	忌	kʰi33	kʰi33	tonal inexact	paired	1315-1316
book-of-poetry/odes-of-zheng/zhs	Da Shu Yu Tian	3	忌	忌	kʰi33	kʰi33	tonal inexact	crossed	1315-1317
book-of-poetry/odes-of-zheng/zhs	Da Shu Yu Tian	3	忌	忌	kʰi33	kʰi33	tonal inexact	paired	1316-1317
book-of-poetry/odes-of-zheng/zhs	Qing Ren	2	旁	翔	pɔŋ24	ɕɔŋ24	tonal exact	crossed	1329-1331
book-of-poetry/odes-of-zheng/zhs	Qing Ren	3	乔	遥	kiau24	iau24	tonal inexact	paired	1334-1335
book-of-poetry/odes-of-zheng/zhs	Nu Yue Ji Ming	3	酒	御	tɕu51	gu33	inexact	crossed	1368-1370
book-of-poetry/odes-of-zheng/zhs	Chu Qi Dong Men	2	云	存	hun24	tsʰun24	tonal exact	paired	1484-1485
book-of-poetry/odes-of-qi/zhs	Zhu	2	而	而	dzi24	dzi24	tonal inexact	paired	1555-1556
book-of-poetry/odes-of-qi/zhs	Zhu	3	而	而	dzi24	dzi24	tonal inexact	paired	1558-1559
book-of-poetry/odes-of-qi/zhs	Nan Shan	2	止	止	tɕi51	tɕi51	tonal inexact	paired	1589-1590
book-of-poetry/odes-of-qi/zhs	Nan Shan	3	止	止	tɕi51	tɕi51	tonal inexact	paired	1594-1595
book-of-poetry/odes-of-qi/zhs	Nan Shan	3	止	止	tɕi51	tɕi51	tonal inexact	crossed	1594-1596
book-of-poetry/odes-of-qi/zhs	Nan Shan	3	止	止	tɕi51	tɕi51	tonal inexact	paired	1595-1596
book-of-poetry/odes-of-qi/zhs	Nan Shan	4	止	止	tɕi51	tɕi51	tonal inexact	paired	1601-1602
book-of-poetry/odes-of-wei1/zhs	Fen Ju Ru	2	度	度	tɔk̚5ʔ	tɔk̚5ʔ	tonal exact	paired	1687-1688
book-of-poetry/odes-of-wei1/zhs	Fen Ju Ru	2	度	路	tɔk̚5ʔ	lɔ33	inexact	crossed	1687-1689
book-of-poetry/odes-of-wei1/zhs	Fen Ju Ru	2	度	路	tɔk̚5ʔ	lɔ33	inexact	paired	1688-1689
book-of-poetry/odes-of-wei1/zhs	Fen Ju Ru	3	英	英	iŋ55	iŋ55	tonal exact	paired	1693-1694
book-of-poetry/odes-of-wei1/zhs	Fen Ju Ru	3	英	行	iŋ55	hiŋ33	exact	crossed	1693-1695
book-of-poetry/odes-of-wei1/zhs	Fen Ju Ru	3	英	行	iŋ55	hiŋ33	exact	paired	1694-1695
book-of-poetry/odes-of-wei1/zhs	Yuan You Tao	2	谣	骄	iau24	kiau55	inexact	crossed	1705-1707
book-of-poetry/odes-of-wei1/zhs	Yuan You Tao	2	者	矣	tɕa51	aʔ3ʔ	inexact	-	1706-1710
book-of-poetry/odes-of-wei1/zhs	Yuan You Tao	2	其	之	ki24	tɕi55	inexact	crossed	1709-1711
book-of-poetry/odes-of-wei1/zhs	Yuan You Tao	2	其	之	ki24	tɕi55	inexact	encircling	1709-1712
book-of-poetry/odes-of-wei1/zhs	Yuan You Tao	2	之	之	tɕi55	tɕi55	tonal inexact	paired	1711-1712
book-of-poetry/odes-of-wei1/zhs	Shuo Shu	2	顾	土	kɔ31	tʰɔ51	inexact	crossed	1783-1785
book-of-poetry/odes-of-wei1/zhs	Shuo Shu	2	顾	土	kɔ31	tʰɔ51	inexact	encircling	1783-1786
book-of-poetry/odes-of-wei1/zhs	Shuo Shu	2	顾	所	kɔ31	sɔ51	inexact	-	1783-1787
book-of-poetry/odes-of-wei1/zhs	Shuo Shu	2	土	土	tʰɔ51	tʰɔ51	tonal inexact	paired	1785-1786
book-of-poetry/odes-of-wei1/zhs	Shuo Shu	2	土	所	tʰɔ51	sɔ51	tonal inexact	crossed	1785-1787
book-of-poetry/odes-of-wei1/zhs	Shuo Shu	2	土	所	tʰɔ51	sɔ51	tonal inexact	paired	1786-1787
book-of-poetry/odes-of-wei1/zhs	Shuo Shu	3	德	直	tik̚3ʔ	tit̚5ʔ	inexact	-	1791-1795
book-of-poetry/odes-of-wei1/zhs	Shuo Shu	3	国	国	kɔk̚3ʔ	kɔk̚3ʔ	tonal exact	paired	1793-1794
book-of-poetry/odes-of-tang/zhs	Shan You Shu	2	马	矣	ma51	aʔ3ʔ	inexact	crossed	1832-1834
book-of-poetry/odes-of-tang/zhs	Shan You Shu	2	驱	愉	kʰu55	dzu24	inexact	crossed	1833-1835
book-of-poetry/odes-of-tang/zhs	Shan You Shu	3	考	保	kʰə51	pə51	tonal inexact	crossed	1841-1843
book-of-poetry/odes-of-tang/zhs	Jiao Liao	2	且	且	tɕʰã51	tɕʰã51	tonal inexact	paired	1872-1873
book-of-poetry/odes-of-tang/zhs	Di Du	2	人	人	dzin24	dzin24	tonal exact	crossed	1901-1903
book-of-poetry/odes-of-tang/zhs	You Di Zhi Du	2	之	之	tɕi55	tɕi55	tonal inexact	paired	1955-1956
book-of-poetry/odes-of-tang/zhs	Ge Sheng	2	此	处	tsʰu51	tsʰu31	inexact	paired	1965-1966
book-of-poetry/odes-of-tang/zhs	Cai Ling	2	言	然	gian24	dzian24	tonal exact	encircling	1985-1988
book-of-poetry/odes-of-tang/zhs	Cai Ling	2	言	言	gian24	gian24	tonal exact	-	1985-1989
book-of-poetry/odes-of-tang/zhs	Cai Ling	2	然	言	dzian24	gian24	tonal exact	paired	1988-1989
book-of-poetry/odes-of-tang/zhs	Cai Ling	3	言	然	gian24	dzian24	tonal exact	encircling	1993-1996
book-of-poetry/odes-of-tang/zhs	Cai Ling	3	言	言	gian24	gian24	tonal exact	-	1993-1997
book-of-poetry/odes-of-tang/zhs	Cai Ling	3	然	言	dzian24	gian24	tonal exact	paired	1996-1997
book-of-poetry/odes-of-qin/zhs	Xiao Rong	2	续	屋	ɕɔk̚5ʔ	ɔk̚3ʔ	exact	-	2038-2043
book-of-poetry/odes-of-qin/zhs	Xiao Rong	3	期	之	ki55	tɕi55	tonal inexact	paired	2053-2054
book-of-poetry/odes-of-qin/zhs	Jian Jia	2	人	之	dzin24	tɕi55	inexact	crossed	2067-2069
book-of-poetry/odes-of-qin/zhs	Jian Jia	2	人	之	dzin24	tɕi55	inexact	-	2067-2071
book-of-poetry/odes-of-qin/zhs	Jian Jia	2	之	之	tɕi55	tɕi55	tonal inexact	crossed	2069-2071
book-of-poetry/odes-of-qin/zhs	Jian Jia	3	人	之	dzin24	tɕi55	inexact	crossed	2075-2077
book-of-poetry/odes-of-qin/zhs	Jian Jia	3	人	之	dzin24	tɕi55	inexact	-	2075-2079
book-of-poetry/odes-of-qin/zhs	Jian Jia	3	之	之	tɕi55	tɕi55	tonal inexact	crossed	2077-2079
book-of-poetry/odes-of-qin/zhs	Huang Niao	2	人	身	dzin24	ɕin55	exact	crossed	2110-2112
book-of-poetry/odes-of-qin/zhs	Huang Niao	3	行	行	hiŋ33	hiŋ33	tonal exact	paired	2116-2117
book-of-poetry/odes-of-qin/zhs	Huang Niao	3	行	人	hiŋ33	dzin24	inexact	-	2116-2122
book-of-poetry/odes-of-qin/zhs	Huang Niao	3	行	身	hiŋ33	ɕin55	inexact	-	2116-2124
book-of-poetry/odes-of-qin/zhs	Huang Niao	3	行	人	hiŋ33	dzin24	inexact	-	2117-2122
book-of-poetry/odes-of-qin/zhs	Huang Niao	3	行	身	hiŋ33	ɕin55	inexact	-	2117-2124
book-of-poetry/odes-of-qin/zhs	Huang Niao	3	人	身	dzin24	ɕin55	exact	crossed	2122-2124
book-of-poetry/odes-of-qin/zhs	Chen Feng	2	林	钦	lim24	kʰim55	exact	crossed	2138-2140
book-of-poetry/odes-of-qin/zhs	Chen Feng	2	何	多	hə24	tə55	inexact	paired	2141-2142
book-of-poetry/odes-of-qin/zhs	Chen Feng	3	何	多	hə24	tə55	inexact	paired	2147-2148
book-of-poetry/odes-of-chen/zhs	Mu Men	2	之	已	tɕi55	i51	inexact	paired	2247-2248
book-of-poetry/odes-of-chen/zhs	Zhu Lin	2	南	南	lam24	lam24	tonal exact	crossed	2277-2279
book-of-poetry/odes-of-cao/zhs	Shi Jiu	3	丝	丝	ɕi55	ɕi55	tonal inexact	paired	2384-2385
book-of-poetry/odes-of-bin/zhs	Qi Yue	2	趾	喜	tɕi51	hi51	tonal inexact	encircling	2422-2425
book-of-poetry/odes-of-bin/zhs	Qi Yue	3	行	迟	hiŋ33	ti24	inexact	crossed	2431-2433
book-of-poetry/odes-of-bin/zhs	Qi Yue	3	行	悲	hiŋ33	pi55	inexact	-	2431-2435
book-of-poetry/odes-of-bin/zhs	Qi Yue	3	迟	悲	ti24	pi55	inexact	crossed	2433-2435
book-of-poetry/odes-of-bin/zhs	Qi Yue	6	羽	宇	u51	u51	tonal inexact	crossed	2460-2462
book-of-poetry/odes-of-bin/zhs	Qi Yue	6	羽	蟀	u51	sut̚3ʔ	inexact	-	2460-2464
book-of-poetry/odes-of-bin/zhs	Qi Yue	6	宇	蟀	u51	sut̚3ʔ	inexact	crossed	2462-2464
book-of-poetry/odes-of-bin/zhs	Qi Yue	6	宇	处	u51	tsʰu31	inexact	-	2462-2470
book-of-poetry/odes-of-bin/zhs	Qi Yue	6	户	户	hɔ33	hɔ33	tonal inexact	-	2463-2467
book-of-poetry/odes-of-bin/zhs	Qi Yue	6	蟀	处	sut̚3ʔ	tsʰu31	inexact	-	2464-2470
book-of-poetry/odes-of-bin/zhs	Qi Yue	7	酒	寿	tɕu51	ɕu33	inexact	paired	2475-2476
book-of-poetry/odes-of-bin/zhs	Qi Yue	7	酒	夫	tɕu51	hu55	inexact	-	2475-2481
book-of-poetry/odes-of-bin/zhs	Qi Yue	7	寿	夫	ɕu33	hu55	inexact	-	2476-2481
book-of-poetry/odes-of-bin/zhs	Qi Yue	8	屋	谷	ɔk̚3ʔ	kɔk̚3ʔ	tonal exact	paired	2491-2492
book-of-poetry/odes-of-bin/zhs	Chi Xiao	2	斯	斯	su55	su55	tonal inexact	paired	2507-2508
book-of-poetry/odes-of-bin/zhs	Chi Xiao	3	户	予	hɔ33	hɔ33	tonal inexact	crossed	2511-2513
book-of-poetry/odes-of-bin/zhs	Dong Shan	3	蒙	户	bɔŋ24	hɔ33	inexact	-	2539-2543
book-of-poetry/odes-of-bin/zhs	Dong Shan	3	室	行	ɕik̚3ʔ	hiŋ33	inexact	encircling	2542-2545
book-of-poetry/odes-of-bin/zhs	Dong Shan	3	也	也	ia33	ia33	tonal inexact	paired	2546-2547
book-of-poetry/odes-of-bin/zhs	Dong Shan	4	蒙	苦	bɔŋ24	kʰɔ51	inexact	-	2551-2556
book-of-poetry/odes-of-bin/zhs	Dong Shan	4	室	至	ɕik̚3ʔ	tɕi31	inexact	crossed	2553-2555
book-of-poetry/odes-of-bin/zhs	Dong Shan	4	室	薪	ɕik̚3ʔ	ɕin55	inexact	-	2553-2557
book-of-poetry/odes-of-bin/zhs	Dong Shan	4	至	薪	tɕi31	ɕin55	inexact	crossed	2555-2557
book-of-poetry/odes-of-bin/zhs	Po Fu	2	皇	将	hɔŋ24	tɕɔŋ55	exact	crossed	2575-2577
book-of-poetry/decade-of-lu-ming/zhs	Lu Ming	2	苹	将	pʰɔŋ33	tɕɔŋ55	exact	-	2620-2624
book-of-poetry/decade-of-lu-ming/zhs	Lu Ming	2	宾	笙	pin55	ɕiŋ55	tonal inexact	paired	2621-2622
book-of-poetry/decade-of-lu-ming/zhs	Lu Ming	2	宾	行	pin55	hiŋ33	inexact	-	2621-2626
book-of-poetry/decade-of-lu-ming/zhs	Lu Ming	2	笙	行	ɕiŋ55	hiŋ33	exact	-	2622-2626
book-of-poetry/decade-of-lu-ming/zhs	Lu Ming	3	昭	效	tɕau55	hau33	inexact	crossed	2630-2632
book-of-poetry/decade-of-lu-ming/zhs	Chang Di	3	矣	矣	aʔ3ʔ	aʔ3ʔ	tonal exact	paired	2694-2695
book-of-poetry/decade-of-lu-ming/zhs	Chang Di	4	难	叹	lan33	tʰan31	exact	crossed	2697-2699
book-of-poetry/decade-of-lu-ming/zhs	Fa Mu	2	矣	矣	aʔ3ʔ	aʔ3ʔ	tonal exact	crossed	2724-2726
book-of-poetry/decade-of-lu-ming/zhs	Fa Mu	2	矣	矣	aʔ3ʔ	aʔ3ʔ	tonal exact	-	2724-2728
book-of-poetry/decade-of-lu-ming/zhs	Fa Mu	2	矣	矣	aʔ3ʔ	aʔ3ʔ	tonal exact	crossed	2726-2728
book-of-poetry/decade-of-lu-ming/zhs	Fa Mu	3	来	来	lai24	lai24	tonal inexact	-	2736-2742
book-of-poetry/decade-of-lu-ming/zhs	Fa Mu	3	顾	牡	kɔ31	bɔ51	inexact	encircling	2737-2740
book-of-poetry/decade-of-lu-ming/zhs	Tian Bao	3	禄	福	lɔk̚5ʔ	hɔk̚3ʔ	exact	paired	2765-2766
book-of-poetry/decade-of-lu-ming/zhs	Tian Bao	3	禄	足	lɔk̚5ʔ	tɕɔk̚3ʔ	exact	crossed	2765-2767
book-of-poetry/decade-of-lu-ming/zhs	Tian Bao	3	福	足	hɔk̚3ʔ	tɕɔk̚3ʔ	tonal exact	paired	2766-2767
book-of-poetry/decade-of-lu-ming/zhs	Tian Bao	4	陵	至	liŋ24	tɕi31	inexact	paired	2771-2772
book-of-poetry/decade-of-lu-ming/zhs	Tian Bao	4	陵	增	liŋ24	tɕiŋ55	exact	crossed	2771-2773
book-of-poetry/decade-of-lu-ming/zhs	Tian Bao	4	至	增	tɕi31	tɕiŋ55	inexact	paired	2772-2773
book-of-poetry/decade-of-lu-ming/zhs	Tian Bao	5	尝	王	ɕɔŋ24	ɔŋ24	tonal exact	paired	2776-2777
book-of-poetry/decade-of-lu-ming/zhs	Cai Wei	2	止	止	tɕi51	tɕi51	tonal inexact	crossed	2793-2795
book-of-poetry/decade-of-lu-ming/zhs	Cai Wei	2	故	故	kɔ31	kɔ31	tonal inexact	crossed	2797-2799
book-of-poetry/decade-of-lu-ming/zhs	Cai Wei	3	止	止	tɕi51	tɕi51	tonal inexact	crossed	2801-2803
book-of-poetry/decade-of-lu-ming/zhs	Cai Wei	3	止	聘	tɕi51	pʰing31	inexact	-	2801-2807
book-of-poetry/decade-of-lu-ming/zhs	Cai Wei	3	止	聘	tɕi51	pʰing31	inexact	-	2803-2807
book-of-poetry/decade-of-lu-ming/zhs	Cai Wei	4	止	止	tɕi51	tɕi51	tonal inexact	crossed	2809-2811
book-of-poetry/decade-of-lu-ming/zhs	Chu Che	2	矣	矣	aʔ3ʔ	aʔ3ʔ	tonal exact	crossed	2843-2845
book-of-poetry/decade-of-lu-ming/zhs	Chu Che	2	矣	难	aʔ3ʔ	lan24	inexact	encircling	2843-2846
book-of-poetry/decade-of-lu-ming/zhs	Chu Che	2	矣	矣	aʔ3ʔ	aʔ3ʔ	tonal exact	-	2843-2847
book-of-poetry/decade-of-lu-ming/zhs	Chu Che	2	矣	难	aʔ3ʔ	lan24	inexact	paired	2845-2846
book-of-poetry/decade-of-lu-ming/zhs	Chu Che	2	矣	矣	aʔ3ʔ	aʔ3ʔ	tonal exact	crossed	2845-2847
book-of-poetry/decade-of-lu-ming/zhs	Chu Che	2	难	矣	lan24	aʔ3ʔ	inexact	paired	2846-2847
book-of-poetry/decade-of-lu-ming/zhs	Chu Che	3	矣	矣	aʔ3ʔ	aʔ3ʔ	tonal exact	paired	2850-2851
book-of-poetry/decade-of-lu-ming/zhs	Chu Che	4	方	方	pŋ55	pŋ55	tonal inexact	-	2857-2861
book-of-poetry/decade-of-lu-ming/zhs	Di Du	2	日	止	dzit̚5ʔ	tɕi51	inexact	paired	2891-2892
book-of-poetry/decade-of-lu-ming/zhs	Di Du	2	日	止	dzit̚5ʔ	tɕi51	inexact	crossed	2891-2893
book-of-poetry/decade-of-lu-ming/zhs	Di Du	2	日	止	dzit̚5ʔ	tɕi51	inexact	encircling	2891-2894
book-of-poetry/decade-of-lu-ming/zhs	Di Du	2	止	止	tɕi51	tɕi51	tonal inexact	paired	2892-2893
book-of-poetry/decade-of-lu-ming/zhs	Di Du	2	止	止	tɕi51	tɕi51	tonal inexact	crossed	2892-2894
book-of-poetry/decade-of-lu-ming/zhs	Di Du	2	止	止	tɕi51	tɕi51	tonal inexact	paired	2893-2894
book-of-poetry/decade-of-lu-ming/zhs	Di Du	3	悲	止	pi55	tɕi51	inexact	paired	2898-2899
book-of-poetry/decade-of-lu-ming/zhs	Di Du	3	悲	止	pi55	tɕi51	inexact	crossed	2898-2900
book-of-poetry/decade-of-lu-ming/zhs	Di Du	3	悲	止	pi55	tɕi51	inexact	encircling	2898-2901
book-of-poetry/decade-of-lu-ming/zhs	Di Du	3	止	止	tɕi51	tɕi51	tonal inexact	paired	2899-2900
book-of-poetry/decade-of-lu-ming/zhs	Di Du	3	止	止	tɕi51	tɕi51	tonal inexact	crossed	2899-2901
book-of-poetry/decade-of-lu-ming/zhs	Di Du	3	止	止	tɕi51	tɕi51	tonal inexact	paired	2900-2901
book-of-poetry/decade-of-baihua/zhs	Nan Shan You Tai	4	李	已	li51	i51	tonal inexact	-	2963-2967
book-of-poetry/decade-of-baihua/zhs	Liao Xiao	4	泥	岂	ni24	kʰi51	inexact	-	2993-2997
book-of-poetry/decade-of-tong-gong/zhs	Tong Gong	2	宾	之	pin55	tɕi55	tonal inexact	paired	3022-3023
book-of-poetry/decade-of-tong-gong/zhs	Tong Gong	2	宾	之	pin55	tɕi55	tonal inexact	encircling	3022-3025
book-of-poetry/decade-of-tong-gong/zhs	Tong Gong	2	之	之	tɕi55	tɕi55	tonal inexact	crossed	3023-3025
book-of-poetry/decade-of-tong-gong/zhs	Tong Gong	3	宾	之	pin55	tɕi55	tonal inexact	paired	3028-3029
book-of-poetry/decade-of-tong-gong/zhs	Tong Gong	3	宾	之	pin55	tɕi55	tonal inexact	encircling	3028-3031
book-of-poetry/decade-of-tong-gong/zhs	Tong Gong	3	之	之	tɕi55	tɕi55	tonal inexact	crossed	3029-3031
book-of-poetry/decade-of-tong-gong/zhs	Liu Yue	2	服	国	hɔk̚5ʔ	kɔk̚3ʔ	exact	-	3057-3061
book-of-poetry/decade-of-tong-gong/zhs	Liu Yue	2	急	征	kip̚3ʔ	tɕiŋ55	inexact	paired	3059-3060
book-of-poetry/decade-of-tong-gong/zhs	Liu Yue	3	里	征	li51	tɕiŋ55	inexact	paired	3067-3068
book-of-poetry/decade-of-tong-gong/zhs	Liu Yue	4	服	国	hɔk̚5ʔ	kɔk̚3ʔ	exact	paired	3076-3077
book-of-poetry/decade-of-tong-gong/zhs	Cai Qi	2	亩	服	bɔ51	hɔk̚5ʔ	inexact	-	3104-3112
book-of-poetry/decade-of-tong-gong/zhs	Cai Qi	2	止	试	tɕi51	tɕʰi31	inexact	crossed	3105-3107
book-of-poetry/decade-of-tong-gong/zhs	Cai Qi	2	止	止	tɕi51	tɕi51	tonal inexact	encircling	3105-3108
book-of-poetry/decade-of-tong-gong/zhs	Cai Qi	2	止	革	tɕi51	kik̚3ʔ	inexact	-	3105-3113
book-of-poetry/decade-of-tong-gong/zhs	Cai Qi	2	试	止	tɕʰi31	tɕi51	inexact	paired	3107-3108
book-of-poetry/decade-of-tong-gong/zhs	Cai Qi	2	试	革	tɕʰi31	kik̚3ʔ	inexact	-	3107-3113
book-of-poetry/decade-of-tong-gong/zhs	Cai Qi	2	止	革	tɕi51	kik̚3ʔ	inexact	-	3108-3113
book-of-poetry/decade-of-tong-gong/zhs	Cai Qi	3	止	止	tɕi51	tɕi51	tonal inexact	encircling	3117-3120
book-of-poetry/decade-of-tong-gong/zhs	Cai Qi	3	止	衡	tɕi51	hiŋ24	inexact	-	3117-3121
book-of-poetry/decade-of-tong-gong/zhs	Cai Qi	3	止	衡	tɕi51	hiŋ24	inexact	paired	3120-3121
book-of-poetry/decade-of-tong-gong/zhs	Cai Qi	3	服	皇	hɔk̚5ʔ	hɔŋ24	inexact	paired	3123-3124
book-of-poetry/decade-of-tong-gong/zhs	Cai Qi	4	止	试	tɕi51	tɕʰi31	inexact	crossed	3129-3131
book-of-poetry/decade-of-tong-gong/zhs	Cai Qi	4	止	止	tɕi51	tɕi51	tonal inexact	encircling	3129-3132
book-of-poetry/decade-of-tong-gong/zhs	Cai Qi	4	试	止	tɕʰi31	tɕi51	inexact	paired	3131-3132
book-of-poetry/decade-of-tong-gong/zhs	Ji Ri	4	友	右	iu51	iu33	inexact	paired	3197-3198
book-of-poetry/decade-of-tong-gong/zhs	Hong Yan	2	征	人	tɕiŋ55	dzin24	inexact	crossed	3208-3210
book-of-poetry/decade-of-qi-fu/zhs	Bai Ju	2	之	人	tɕi55	dzin24	inexact	crossed	3293-3295
book-of-poetry/decade-of-qi-fu/zhs	Bai Ju	2	朝	遥	tiau55	iau24	inexact	crossed	3294-3296
book-of-poetry/decade-of-qi-fu/zhs	Huang Niao	2	谷	族	kɔk̚3ʔ	tsɔk̚5ʔ	exact	crossed	3319-3321
book-of-poetry/decade-of-qi-fu/zhs	Wo Xing Qi Ye	3	故	复	kɔ31	hɔk̚5ʔ	inexact	encircling	3344-3347
book-of-poetry/decade-of-qi-fu/zhs	Si Gan	2	矣	矣	aʔ3ʔ	aʔ3ʔ	tonal exact	paired	3356-3357
book-of-poetry/decade-of-qi-fu/zhs	Si Gan	2	矣	矣	aʔ3ʔ	aʔ3ʔ	tonal exact	crossed	3356-3358
book-of-poetry/decade-of-qi-fu/zhs	Si Gan	2	矣	矣	aʔ3ʔ	aʔ3ʔ	tonal exact	encircling	3356-3359
book-of-poetry/decade-of-qi-fu/zhs	Si Gan	2	矣	矣	aʔ3ʔ	aʔ3ʔ	tonal exact	-	3356-3360
book-of-poetry/decade-of-qi-fu/zhs	Si Gan	2	矣	矣	aʔ3ʔ	aʔ3ʔ	tonal exact	paired	3357-3358
book-of-poetry/decade-of-qi-fu/zhs	Si Gan	2	矣	矣	aʔ3ʔ	aʔ3ʔ	tonal exact	crossed	3357-3359
book-of-poetry/decade-of-qi-fu/zhs	Si Gan	2	矣	矣	aʔ3ʔ	aʔ3ʔ	tonal exact	encircling	3357-3360
book-of-poetry/decade-of-qi-fu/zhs	Si Gan	2	矣	矣	aʔ3ʔ	aʔ3ʔ	tonal exact	paired	3358-3359
book-of-poetry/decade-of-qi-fu/zhs	Si Gan	2	矣	矣	aʔ3ʔ	aʔ3ʔ	tonal exact	crossed	3358-3360
book-of-poetry/decade-of-qi-fu/zhs	Si Gan	2	矣	矣	aʔ3ʔ	aʔ3ʔ	tonal exact	paired	3359-3360
book-of-poetry/decade-of-qi-fu/zhs	Si Gan	3	堵	户	tɔ51	hɔ33	inexact	paired	3362-3363
book-of-poetry/decade-of-qi-fu/zhs	Si Gan	8	祥	祥	ɕɔŋ24	ɕɔŋ24	tonal exact	crossed	3390-3392
book-of-poetry/decade-of-qi-fu/zhs	Wu Yang	2	群	牛	kun24	gu24	tonal inexact	paired	3408-3409
book-of-poetry/decade-of-qi-fu/zhs	Wu Yang	2	群	思	kun24	su31	inexact	encircling	3408-3411
book-of-poetry/decade-of-qi-fu/zhs	Wu Yang	2	群	思	kun24	su31	inexact	-	3408-3413
book-of-poetry/decade-of-qi-fu/zhs	Wu Yang	2	牛	思	gu24	su31	inexact	crossed	3409-3411
book-of-poetry/decade-of-qi-fu/zhs	Wu Yang	2	牛	思	gu24	su31	inexact	-	3409-3413
book-of-poetry/decade-of-qi-fu/zhs	Wu Yang	2	思	思	su31	su31	tonal inexact	crossed	3411-3413
book-of-poetry/decade-of-qi-fu/zhs	Jie Nan Shan	2	瞻	谈	tɕam55	tam24	exact	crossed	3442-3444
book-of-poetry/decade-of-qi-fu/zhs	Jie Nan Shan	3	何	多	hə24	tə55	inexact	crossed	3450-3452
book-of-poetry/decade-of-qi-fu/zhs	Jie Nan Shan	5	仕	仕	su33	su33	tonal inexact	-	3465-3470
book-of-poetry/decade-of-qi-fu/zhs	Jie Nan Shan	9	矣	矣	aʔ3ʔ	aʔ3ʔ	tonal exact	crossed	3492-3494
book-of-poetry/decade-of-qi-fu/zhs	Zheng Yue	3	愈	侮	dzu51	bu51	tonal inexact	paired	3517-3518
book-of-poetry/decade-of-qi-fu/zhs	Zheng Yue	4	辜	仆	kɔ55	pɔk̚5ʔ	inexact	paired	3521-3522
book-of-poetry/decade-of-qi-fu/zhs	Zheng Yue	4	辜	禄	kɔ55	lɔk̚5ʔ	inexact	encircling	3521-3524
book-of-poetry/decade-of-qi-fu/zhs	Zheng Yue	4	辜	屋	kɔ55	ɔk̚3ʔ	inexact	-	3521-3526
book-of-poetry/decade-of-qi-fu/zhs	Zheng Yue	4	仆	禄	pɔk̚5ʔ	lɔk̚5ʔ	tonal exact	crossed	3522-3524
book-of-poetry/decade-of-qi-fu/zhs	Zheng Yue	4	仆	屋	pɔk̚5ʔ	ɔk̚3ʔ	exact	-	3522-3526
book-of-poetry/decade-of-qi-fu/zhs	Zheng Yue	4	禄	屋	lɔk̚5ʔ	ɔk̚3ʔ	exact	crossed	3524-3526
book-of-poetry/decade-of-qi-fu/zhs	Zheng Yue	5	蒸	胜	tɕiŋ55	ɕiŋ31	exact	-	3528-3532
book-of-poetry/decade-of-qi-fu/zhs	Zheng Yue	6	陵	惩	liŋ24	tiŋ24	tonal exact	crossed	3536-3538
book-of-poetry/decade-of-qi-fu/zhs	Zheng Yue	8	特	克	tik̚5ʔ	kʰik̚3ʔ	exact	crossed	3552-3554
book-of-poetry/decade-of-qi-fu/zhs	Zheng Yue	8	特	则	tik̚5ʔ	tɕik̚3ʔ	exact	encircling	3552-3555
book-of-poetry/decade-of-qi-fu/zhs	Zheng Yue	8	克	则	kʰik̚3ʔ	tɕik̚3ʔ	tonal exact	paired	3554-3555
book-of-poetry/decade-of-qi-fu/zhs	Zheng Yue	9	之	之	tɕi55	tɕi55	tonal inexact	-	3560-3564
book-of-poetry/decade-of-qi-fu/zhs	Zheng Yue	9	之	之	tɕi55	tɕi55	tonal inexact	-	3560-3566
book-of-poetry/decade-of-qi-fu/zhs	Zheng Yue	9	之	之	tɕi55	tɕi55	tonal inexact	crossed	3564-3566
book-of-poetry/decade-of-qi-fu/zhs	Zheng Yue	10	载	载	tsai31	tsai31	tonal inexact	crossed	3569-3571
book-of-poetry/decade-of-qi-fu/zhs	Zheng Yue	11	辐	仆	hɔk̚3ʔ	pɔk̚5ʔ	exact	paired	3574-3575
book-of-poetry/decade-of-qi-fu/zhs	Zheng Yue	12	矣	惨	aʔ3ʔ	tsʰam51	inexact	crossed	3581-3583
book-of-poetry/decade-of-qi-fu/zhs	Zheng Yue	13	云	殷	un24	un55	exact	crossed	3588-3590
book-of-poetry/decade-of-qi-fu/zhs	Shi Yue Zi Jiao	2	之	微	tɕi55	bi24	inexact	crossed	3599-3601
book-of-poetry/decade-of-qi-fu/zhs	Shi Yue Zi Jiao	2	之	微	tɕi55	bi24	inexact	encircling	3599-3602
book-of-poetry/decade-of-qi-fu/zhs	Shi Yue Zi Jiao	2	之	民	tɕi55	bin24	inexact	-	3599-3603
book-of-poetry/decade-of-qi-fu/zhs	Shi Yue Zi Jiao	2	微	微	bi24	bi24	tonal inexact	paired	3601-3602
book-of-poetry/decade-of-qi-fu/zhs	Shi Yue Zi Jiao	2	微	民	bi24	bin24	tonal inexact	crossed	3601-3603
book-of-poetry/decade-of-qi-fu/zhs	Shi Yue Zi Jiao	2	微	民	bi24	bin24	tonal inexact	paired	3602-3603
book-of-poetry/decade-of-qi-fu/zhs	Shi Yue Zi Jiao	3	行	政	hiŋ33	tɕiŋ31	exact	paired	3606-3607
book-of-poetry/decade-of-qi-fu/zhs	Shi Yue Zi Jiao	3	常	臧	ɕɔŋ24	tsɔŋ55	exact	crossed	3610-3612
book-of-poetry/decade-of-qi-fu/zhs	Shi Yue Zi Jiao	4	令	腾	liŋ33	tʰing24	inexact	paired	3614-3615
book-of-poetry/decade-of-qi-fu/zhs	Shi Yue Zi Jiao	4	令	陵	liŋ33	liŋ24	exact	-	3614-3618
book-of-poetry/decade-of-qi-fu/zhs	Shi Yue Zi Jiao	4	令	人	liŋ33	dzin24	inexact	-	3614-3619
book-of-poetry/decade-of-qi-fu/zhs	Shi Yue Zi Jiao	4	令	惩	liŋ33	tiŋ24	exact	-	3614-3620
book-of-poetry/decade-of-qi-fu/zhs	Shi Yue Zi Jiao	4	腾	陵	tʰing24	liŋ24	tonal inexact	encircling	3615-3618
book-of-poetry/decade-of-qi-fu/zhs	Shi Yue Zi Jiao	4	腾	人	tʰing24	dzin24	tonal exact	-	3615-3619
book-of-poetry/decade-of-qi-fu/zhs	Shi Yue Zi Jiao	4	腾	惩	tʰing24	tiŋ24	tonal inexact	-	3615-3620
book-of-poetry/decade-of-qi-fu/zhs	Shi Yue Zi Jiao	4	陵	人	liŋ24	dzin24	tonal inexact	paired	3618-3619
book-of-poetry/decade-of-qi-fu/zhs	Shi Yue Zi Jiao	4	陵	惩	liŋ24	tiŋ24	tonal exact	crossed	3618-3620
book-of-poetry/decade-of-qi-fu/zhs	Shi Yue Zi Jiao	4	人	惩	dzin24	tiŋ24	tonal inexact	paired	3619-3620
book-of-poetry/decade-of-qi-fu/zhs	Shi Yue Zi Jiao	5	夫	史	hu55	su51	inexact	paired	3624-3625
book-of-poetry/decade-of-qi-fu/zhs	Shi Yue Zi Jiao	5	夫	处	hu55	tsʰu31	inexact	-	3624-3628
book-of-poetry/decade-of-qi-fu/zhs	Shi Yue Zi Jiao	5	史	处	su51	tsʰu31	inexact	encircling	3625-3628
book-of-poetry/decade-of-qi-fu/zhs	Shi Yue Zi Jiao	6	谋	屋	bɔ24	ɔk̚3ʔ	inexact	paired	3632-3633
book-of-poetry/decade-of-qi-fu/zhs	Yu Wu Zheng	2	国	图	kɔk̚3ʔ	tɔ24	inexact	crossed	3664-3666
book-of-poetry/decade-of-qi-fu/zhs	Yu Wu Zheng	2	国	辜	kɔk̚3ʔ	kɔ55	inexact	-	3664-3668
book-of-poetry/decade-of-qi-fu/zhs	Yu Wu Zheng	2	国	铺	kɔk̚3ʔ	pʰɔ55	inexact	-	3664-3670
book-of-poetry/decade-of-qi-fu/zhs	Yu Wu Zheng	2	图	辜	tɔ24	kɔ55	inexact	crossed	3666-3668
book-of-poetry/decade-of-qi-fu/zhs	Yu Wu Zheng	2	图	铺	tɔ24	pʰɔ55	inexact	-	3666-3670
book-of-poetry/decade-of-qi-fu/zhs	Yu Wu Zheng	2	辜	铺	kɔ55	pʰɔ55	tonal inexact	crossed	3668-3670
book-of-poetry/decade-of-xiao-min/zhs	Xiao Min	3	臧	臧	tsɔŋ55	tsɔŋ55	tonal exact	crossed	3725-3727
book-of-poetry/decade-of-xiao-min/zhs	Xiao Min	4	多	道	tə55	tə33	inexact	-	3733-3738
book-of-poetry/decade-of-xiao-min/zhs	Xiao Wan	2	人	寐	dzin24	bi33	inexact	paired	3763-3764
book-of-poetry/decade-of-xiao-min/zhs	Xiao Wan	2	人	人	dzin24	dzin24	tonal exact	crossed	3763-3765
book-of-poetry/decade-of-xiao-min/zhs	Xiao Wan	2	寐	人	bi33	dzin24	inexact	paired	3764-3765
book-of-poetry/decade-of-xiao-min/zhs	Xiao Wan	4	之	之	tɕi55	tɕi55	tonal inexact	crossed	3775-3777
book-of-poetry/decade-of-xiao-min/zhs	Xiao Wan	5	鸣	征	biŋ24	tɕiŋ55	exact	crossed	3779-3781
book-of-poetry/decade-of-xiao-min/zhs	Xiao Wan	5	鸣	寐	biŋ24	bi33	inexact	encircling	3779-3782
book-of-poetry/decade-of-xiao-min/zhs	Xiao Wan	5	征	寐	tɕiŋ55	bi33	inexact	paired	3781-3782
book-of-poetry/decade-of-xiao-min/zhs	Xiao Wan	6	卜	谷	pɔk̚3ʔ	kɔk̚3ʔ	tonal exact	paired	3788-3789
book-of-poetry/decade-of-xiao-min/zhs	Xiao Bian	2	何	何	hə24	hə24	tonal inexact	crossed	3801-3803
book-of-poetry/decade-of-xiao-min/zhs	Xiao Bian	3	叹	矣	tʰan31	aʔ3ʔ	inexact	crossed	3808-3810
book-of-poetry/decade-of-xiao-min/zhs	Xiao Bian	7	之	人	tɕi55	dzin24	inexact	paired	3837-3838
book-of-poetry/decade-of-xiao-min/zhs	Xiao Bian	7	之	之	tɕi55	tɕi55	tonal inexact	crossed	3837-3839
book-of-poetry/decade-of-xiao-min/zhs	Xiao Bian	7	之	心	tɕi55	ɕim55	tonal inexact	encircling	3837-3840
book-of-poetry/decade-of-xiao-min/zhs	Xiao Bian	7	之	之	tɕi55	tɕi55	tonal inexact	-	3837-3841
book-of-poetry/decade-of-xiao-min/zhs	Xiao Bian	7	人	之	dzin24	tɕi55	inexact	paired	3838-3839
book-of-poetry/decade-of-xiao-min/zhs	Xiao Bian	7	人	心	dzin24	ɕim55	inexact	crossed	3838-3840
book-of-poetry/decade-of-xiao-min/zhs	Xiao Bian	7	人	之	dzin24	tɕi55	inexact	encircling	3838-3841
book-of-poetry/decade-of-xiao-min/zhs	Xiao Bian	7	人	之	dzin24	tɕi55	inexact	-	3838-3843
book-of-poetry/decade-of-xiao-min/zhs	Xiao Bian	7	之	心	tɕi55	ɕim55	tonal inexact	paired	3839-3840
book-of-poetry/decade-of-xiao-min/zhs	Xiao Bian	7	之	之	tɕi55	tɕi55	tonal inexact	crossed	3839-3841
book-of-poetry/decade-of-xiao-min/zhs	Xiao Bian	7	之	之	tɕi55	tɕi55	tonal inexact	-	3839-3843
book-of-poetry/decade-of-xiao-min/zhs	Xiao Bian	7	心	之	ɕim55	tɕi55	tonal inexact	paired	3840-3841
book-of-poetry/decade-of-xiao-min/zhs	Xiao Bian	7	心	之	ɕim55	tɕi55	tonal inexact	encircling	3840-3843
book-of-poetry/decade-of-xiao-min/zhs	Xiao Bian	7	之	之	tɕi55	tɕi55	tonal inexact	crossed	3841-3843
book-of-poetry/decade-of-xiao-min/zhs	Xiao Bian	8	矣	矣	aʔ3ʔ	aʔ3ʔ	tonal exact	paired	3848-3849
book-of-poetry/decade-of-xiao-min/zhs	Xiao Bian	8	矣	矣	aʔ3ʔ	aʔ3ʔ	tonal exact	encircling	3848-3851
book-of-poetry/decade-of-xiao-min/zhs	Xiao Bian	8	矣	矣	aʔ3ʔ	aʔ3ʔ	tonal exact	crossed	3849-3851
book-of-poetry/decade-of-xiao-min/zhs	Qiao Yan	2	辜	辜	kɔ55	kɔ55	tonal inexact	-	3862-3867
book-of-poetry/decade-of-xiao-min/zhs	Qiao Yan	3	祉	已	tɕi51	i51	tonal inexact	paired	3874-3875
book-of-poetry/decade-of-xiao-min/zhs	Qiao Yan	4	甘	共	kam55	ka33	inexact	crossed	3880-3882
book-of-poetry/decade-of-xiao-min/zhs	Qiao Yan	5	之	之	tɕi55	tɕi55	tonal inexact	crossed	3885-3887
book-of-poetry/decade-of-xiao-min/zhs	Qiao Yan	5	之	心	tɕi55	ɕim55	tonal inexact	encircling	3885-3888
book-of-poetry/decade-of-xiao-min/zhs	Qiao Yan	5	之	之	tɕi55	tɕi55	tonal inexact	-	3885-3889
book-of-poetry/decade-of-xiao-min/zhs	Qiao Yan	5	之	之	tɕi55	tɕi55	tonal inexact	-	3885-3891
book-of-poetry/decade-of-xiao-min/zhs	Qiao Yan	5	之	心	tɕi55	ɕim55	tonal inexact	paired	3887-3888
book-of-poetry/decade-of-xiao-min/zhs	Qiao Yan	5	之	之	tɕi55	tɕi55	tonal inexact	crossed	3887-3889
book-of-poetry/decade-of-xiao-min/zhs	Qiao Yan	5	之	之	tɕi55	tɕi55	tonal inexact	-	3887-3891
book-of-poetry/decade-of-xiao-min/zhs	Qiao Yan	5	心	之	ɕim55	tɕi55	tonal inexact	paired	3888-3889
book-of-poetry/decade-of-xiao-min/zhs	Qiao Yan	5	心	之	ɕim55	tɕi55	tonal inexact	encircling	3888-3891
book-of-poetry/decade-of-xiao-min/zhs	Qiao Yan	5	之	之	tɕi55	tɕi55	tonal inexact	crossed	3889-3891
book-of-poetry/decade-of-xiao-min/zhs	Qiao Yan	6	言	言	gian24	gian24	tonal exact	crossed	3894-3896
book-of-poetry/decade-of-xiao-min/zhs	Qiao Yan	6	矣	矣	aʔ3ʔ	aʔ3ʔ	tonal exact	crossed	3897-3899
book-of-poetry/decade-of-xiao-min/zhs	He Ren Si	4	身	人	ɕin55	dzin24	exact	paired	3923-3924
book-of-poetry/decade-of-xiao-min/zhs	He Ren Si	7	也	也	ia33	ia33	tonal inexact	crossed	3939-3941
book-of-poetry/decade-of-xiao-min/zhs	He Ren Si	7	也	也	ia33	ia33	tonal inexact	-	3939-3943
book-of-poetry/decade-of-xiao-min/zhs	He Ren Si	7	也	也	ia33	ia33	tonal inexact	crossed	3941-3943
book-of-poetry/decade-of-xiao-min/zhs	Xiang Bo	4	人	信	dzin24	ɕin31	exact	crossed	3965-3967
book-of-poetry/decade-of-xiao-min/zhs	Xiang Bo	7	虎	受	hu55	ɕu33	inexact	encircling	3980-3983
book-of-poetry/decade-of-xiao-min/zhs	Gu Feng	2	乐	予	lɔk̚5ʔ	hɔ33	inexact	paired	3995-3996
book-of-poetry/decade-of-xiao-min/zhs	Liao E	4	耻	至	tʰi51	tɕi31	inexact	-	4018-4024
book-of-poetry/decade-of-xiao-min/zhs	Da Dong	2	履	视	li51	ɕi33	inexact	paired	4045-4046
book-of-poetry/decade-of-xiao-min/zhs	Da Dong	2	履	之	li51	tɕi55	inexact	crossed	4045-4047
book-of-poetry/decade-of-xiao-min/zhs	Da Dong	2	视	之	ɕi33	tɕi55	inexact	paired	4046-4047
book-of-poetry/decade-of-xiao-min/zhs	Da Dong	4	人	薪	dzin24	ɕin55	exact	paired	4060-4061
book-of-poetry/decade-of-xiao-min/zhs	Da Dong	4	人	人	dzin24	dzin24	tonal exact	encircling	4060-4063
book-of-poetry/decade-of-xiao-min/zhs	Da Dong	4	薪	人	ɕin55	dzin24	exact	crossed	4061-4063
book-of-poetry/decade-of-xiao-min/zhs	Da Dong	4	也	也	ia33	ia33	tonal inexact	crossed	4062-4064
book-of-poetry/decade-of-xiao-min/zhs	Da Dong	7	毕	行	pit̚3ʔ	hiŋ33	inexact	paired	4087-4088
book-of-poetry/decade-of-bei-shan/zhs	Bei Shan	3	滨	臣	pin55	ɕin24	exact	paired	4137-4138
book-of-poetry/decade-of-bei-shan/zhs	Bei Shan	3	滨	均	pin55	kin55	tonal exact	crossed	4137-4139
book-of-poetry/decade-of-bei-shan/zhs	Bei Shan	3	臣	均	ɕin24	kin55	exact	paired	4138-4139
book-of-poetry/decade-of-bei-shan/zhs	Bei Shan	4	将	刚	tɕɔŋ55	kɔŋ55	tonal exact	paired	4144-4145
book-of-poetry/decade-of-bei-shan/zhs	Xiao Ming	2	野	吉	ia51	kiat̚3ʔ	inexact	paired	4174-4175
book-of-poetry/decade-of-bei-shan/zhs	Xiao Ming	2	苦	罟	kʰɔ51	kɔ55	inexact	-	4178-4182
book-of-poetry/decade-of-bei-shan/zhs	Xiao Ming	3	莫	顾	bɔk̚5ʔ	kɔ31	inexact	-	4186-4192
book-of-poetry/decade-of-bei-shan/zhs	Xiao Ming	3	矣	暇	aʔ3ʔ	ha33	inexact	paired	4189-4190
book-of-poetry/decade-of-bei-shan/zhs	Xiao Ming	3	顾	怒	kɔ31	nɔ33	inexact	crossed	4192-4194
book-of-poetry/decade-of-bei-shan/zhs	Xiao Ming	4	戚	人	tɕʰik̚3ʔ	dzin24	inexact	paired	4202-4203
book-of-poetry/decade-of-bei-shan/zhs	Chu Ci	2	稷	盈	tɕik̚3ʔ	iŋ24	inexact	encircling	4242-4245
book-of-poetry/decade-of-bei-shan/zhs	Chu Ci	2	稷	忆	tɕik̚3ʔ	ik̚3ʔ	tonal exact	-	4242-4246
book-of-poetry/decade-of-bei-shan/zhs	Chu Ci	2	盈	忆	iŋ24	ik̚3ʔ	inexact	paired	4245-4246
book-of-poetry/decade-of-bei-shan/zhs	Chu Ci	3	尝	将	ɕɔŋ24	tɕɔŋ55	exact	crossed	4253-4255
book-of-poetry/decade-of-bei-shan/zhs	Chu Ci	3	尝	皇	ɕɔŋ24	hɔŋ24	tonal exact	-	4253-4258
book-of-poetry/decade-of-bei-shan/zhs	Chu Ci	3	亨	庆	hiŋ55	kʰing31	inexact	-	4254-4260
book-of-poetry/decade-of-bei-shan/zhs	Chu Ci	3	将	皇	tɕɔŋ55	hɔŋ24	exact	encircling	4255-4258
book-of-poetry/decade-of-bei-shan/zhs	Chu Ci	3	将	福	tɕɔŋ55	hɔk̚3ʔ	inexact	-	4255-4261
book-of-poetry/decade-of-bei-shan/zhs	Chu Ci	3	皇	福	hɔŋ24	hɔk̚3ʔ	inexact	encircling	4258-4261
book-of-poetry/decade-of-bei-shan/zhs	Chu Ci	4	莫	度	bɔk̚5ʔ	tɔk̚5ʔ	tonal exact	-	4266-4270
book-of-poetry/decade-of-bei-shan/zhs	Chu Ci	4	莫	福	bɔk̚5ʔ	hɔk̚3ʔ	exact	-	4266-4273
book-of-poetry/decade-of-bei-shan/zhs	Chu Ci	4	度	福	tɔk̚5ʔ	hɔk̚3ʔ	exact	encircling	4270-4273
book-of-poetry/decade-of-bei-shan/zhs	Chu Ci	5	稷	极	tɕik̚3ʔ	kik̚5ʔ	exact	crossed	4283-4285
book-of-poetry/decade-of-bei-shan/zhs	Chu Ci	5	稷	忆	tɕik̚3ʔ	ik̚3ʔ	tonal exact	encircling	4283-4286
book-of-poetry/decade-of-bei-shan/zhs	Chu Ci	5	极	忆	kik̚5ʔ	ik̚3ʔ	exact	paired	4285-4286
book-of-poetry/decade-of-bei-shan/zhs	Chu Ci	6	位	归	ui33	kui55	inexact	-	4289-4294
book-of-poetry/decade-of-bei-shan/zhs	Chu Ci	6	止	起	tɕi51	kʰi51	tonal inexact	paired	4291-4292
book-of-poetry/decade-of-bei-shan/zhs	Chu Ci	6	止	迟	tɕi51	ti24	inexact	-	4291-4296
book-of-poetry/decade-of-bei-shan/zhs	Chu Ci	6	起	迟	kʰi51	ti24	inexact	-	4292-4296
book-of-poetry/decade-of-bei-shan/zhs	Xin Nan Shan	2	之	理	tɕi55	li51	inexact	paired	4314-4315
book-of-poetry/decade-of-bei-shan/zhs	Xin Nan Shan	3	足	谷	tɕɔk̚3ʔ	kɔk̚3ʔ	tonal exact	paired	4321-4322
book-of-poetry/decade-of-bei-shan/zhs	Xin Nan Shan	6	牡	毛	bɔ51	mɔ24	inexact	encircling	4336-4339
book-of-poetry/decade-of-bei-shan/zhs	Xin Nan Shan	6	考	刀	kʰə51	tə55	inexact	paired	4337-4338
book-of-poetry/decade-of-bei-shan/zhs	Fu Tian	2	人	止	dzin24	tɕi51	inexact	-	4350-4355
book-of-poetry/decade-of-bei-shan/zhs	Fu Tian	3	臧	鼓	tsɔŋ55	kɔ51	inexact	crossed	4360-4362
book-of-poetry/decade-of-bei-shan/zhs	Fu Tian	3	臧	祖	tsɔŋ55	tsɔ51	inexact	encircling	4360-4363
book-of-poetry/decade-of-bei-shan/zhs	Fu Tian	3	鼓	祖	kɔ51	tsɔ51	tonal inexact	paired	4362-4363
book-of-poetry/decade-of-bei-shan/zhs	Fu Tian	4	亩	亩	bɔ51	bɔ51	tonal inexact	-	4369-4373
book-of-poetry/decade-of-bei-shan/zhs	Fu Tian	4	亩	怒	bɔ51	nɔ33	inexact	-	4369-4375
book-of-poetry/decade-of-bei-shan/zhs	Fu Tian	4	喜	敏	hi51	bin51	tonal inexact	-	4370-4376
book-of-poetry/decade-of-bei-shan/zhs	Fu Tian	4	亩	怒	bɔ51	nɔ33	inexact	crossed	4373-4375
book-of-poetry/decade-of-bei-shan/zhs	Da Tian	2	亩	谷	bɔ51	kɔk̚3ʔ	inexact	paired	4391-4392
book-of-poetry/decade-of-bei-shan/zhs	Zhan Bi Luo Yi	3	止	室	tɕi51	ɕik̚3ʔ	inexact	encircling	4429-4432
book-of-poetry/decade-of-bei-shan/zhs	Chang Chang Zhe Hua	3	矣	矣	aʔ3ʔ	aʔ3ʔ	tonal exact	crossed	4446-4448
book-of-poetry/decade-of-bei-shan/zhs	Chang Chang Zhe Hua	3	矣	矣	aʔ3ʔ	aʔ3ʔ	tonal exact	encircling	4446-4449
book-of-poetry/decade-of-bei-shan/zhs	Chang Chang Zhe Hua	3	矣	矣	aʔ3ʔ	aʔ3ʔ	tonal exact	-	4446-4450
book-of-poetry/decade-of-bei-shan/zhs	Chang Chang Zhe Hua	3	矣	矣	aʔ3ʔ	aʔ3ʔ	tonal exact	paired	4448-4449
book-of-poetry/decade-of-bei-shan/zhs	Chang Chang Zhe Hua	3	矣	矣	aʔ3ʔ	aʔ3ʔ	tonal exact	crossed	4448-4450
book-of-poetry/decade-of-bei-shan/zhs	Chang Chang Zhe Hua	3	矣	矣	aʔ3ʔ	aʔ3ʔ	tonal exact	paired	4449-4450
book-of-poetry/decade-of-bei-shan/zhs	Chang Chang Zhe Hua	4	骆	骆	lɔk̚5ʔ	lɔk̚5ʔ	tonal exact	paired	4454-4455
book-of-poetry/decade-of-sang-hu/zhs	Kui Bian	2	旨	人	tɕi51	dzin24	inexact	crossed	4497-4499
book-of-poetry/decade-of-sang-hu/zhs	Kui Bian	3	旨	时	tɕi51	ɕi24	inexact	paired	4509-4510
book-of-poetry/decade-of-sang-hu/zhs	Kui Bian	3	旨	人	tɕi51	dzin24	inexact	crossed	4509-4511
book-of-poetry/decade-of-sang-hu/zhs	Kui Bian	3	时	人	ɕi24	dzin24	tonal inexact	paired	4510-4511
book-of-poetry/decade-of-sang-hu/zhs	Che Xia	5	薪	薪	ɕin55	ɕin55	tonal exact	paired	4550-4551
book-of-poetry/decade-of-sang-hu/zhs	Bin Zhi Chu Yan	2	楚	抗	tsʰɔ51	kʰɔŋ31	inexact	-	4575-4581
book-of-poetry/decade-of-sang-hu/zhs	Bin Zhi Chu Yan	2	旨	逸	tɕi51	ik̚5ʔ	inexact	encircling	4577-4580
book-of-poetry/decade-of-sang-hu/zhs	Bin Zhi Chu Yan	2	逸	的	ik̚5ʔ	tik̚3ʔ	exact	-	4580-4585
book-of-poetry/decade-of-sang-hu/zhs	Bin Zhi Chu Yan	3	祖	乐	tsɔ51	lɔk̚5ʔ	inexact	-	4589-4595
book-of-poetry/decade-of-sang-hu/zhs	Bin Zhi Chu Yan	3	至	林	tɕi31	lim24	inexact	paired	4591-4592
book-of-poetry/decade-of-sang-hu/zhs	Bin Zhi Chu Yan	3	至	能	tɕi31	liŋ24	inexact	-	4591-4596
book-of-poetry/decade-of-sang-hu/zhs	Bin Zhi Chu Yan	3	林	能	lim24	liŋ24	tonal inexact	-	4592-4596
book-of-poetry/decade-of-sang-hu/zhs	Bin Zhi Chu Yan	3	林	时	lim24	ɕi24	tonal inexact	-	4592-4600
book-of-poetry/decade-of-sang-hu/zhs	Bin Zhi Chu Yan	3	能	时	liŋ24	ɕi24	tonal inexact	-	4596-4600
book-of-poetry/decade-of-sang-hu/zhs	Bin Zhi Chu Yan	3	仇	又	kiu24	iu33	inexact	paired	4597-4598
book-of-poetry/decade-of-sang-hu/zhs	Bin Zhi Chu Yan	4	止	止	tɕi51	tɕi51	tonal inexact	crossed	4603-4605
book-of-poetry/decade-of-sang-hu/zhs	Bin Zhi Chu Yan	4	止	止	tɕi51	tɕi51	tonal inexact	-	4603-4609
book-of-poetry/decade-of-sang-hu/zhs	Bin Zhi Chu Yan	4	止	止	tɕi51	tɕi51	tonal inexact	-	4605-4609
book-of-poetry/decade-of-sang-hu/zhs	Bin Zhi Chu Yan	4	迁	仙	tɕʰan55	ɕan55	tonal exact	paired	4607-4608
book-of-poetry/decade-of-sang-hu/zhs	Bin Zhi Chu Yan	4	止	止	tɕi51	tɕi51	tonal inexact	crossed	4609-4611
book-of-poetry/decade-of-sang-hu/zhs	Bin Zhi Chu Yan	4	抑	秩	iaʔ5ʔ	tiat̚5ʔ	tonal inexact	-	4610-4614
book-of-poetry/decade-of-sang-hu/zhs	Bin Zhi Chu Yan	5	出	出	tsʰut̚3ʔ	tsʰut̚3ʔ	tonal exact	crossed	4623-4625
book-of-poetry/decade-of-sang-hu/zhs	Bin Zhi Chu Yan	5	德	仪	tik̚3ʔ	gi24	inexact	crossed	4626-4628
book-of-poetry/decade-of-sang-hu/zhs	Cai Shu	2	之	之	tɕi55	tɕi55	tonal inexact	paired	4658-4659
book-of-poetry/decade-of-sang-hu/zhs	Cai Shu	2	之	之	tɕi55	tɕi55	tonal inexact	encircling	4658-4661
book-of-poetry/decade-of-sang-hu/zhs	Cai Shu	2	之	之	tɕi55	tɕi55	tonal inexact	crossed	4659-4661
book-of-poetry/decade-of-sang-hu/zhs	Cai Shu	4	之	之	tɕi55	tɕi55	tonal inexact	crossed	4676-4678
book-of-poetry/decade-of-sang-hu/zhs	Jiao Gong	3	矣	矣	aʔ3ʔ	aʔ3ʔ	tonal exact	paired	4700-4701
book-of-poetry/decade-of-sang-hu/zhs	Jiao Gong	3	矣	矣	aʔ3ʔ	aʔ3ʔ	tonal exact	crossed	4700-4702
book-of-poetry/decade-of-sang-hu/zhs	Jiao Gong	3	矣	矣	aʔ3ʔ	aʔ3ʔ	tonal exact	paired	4701-4702
book-of-poetry/decade-of-du-ren-shi/zhs	Shu Miao	2	之	行	tɕi55	hiŋ33	inexact	paired	4792-4793
book-of-poetry/decade-of-du-ren-shi/zhs	Shu Miao	2	之	之	tɕi55	tɕi55	tonal inexact	crossed	4792-4794
book-of-poetry/decade-of-du-ren-shi/zhs	Shu Miao	2	行	之	hiŋ33	tɕi55	inexact	paired	4793-4794
book-of-poetry/decade-of-du-ren-shi/zhs	Bai Hua	5	人	心	dzin24	ɕim55	inexact	paired	4841-4842
book-of-poetry/decade-of-du-ren-shi/zhs	Bai Hua	7	林	人	lim24	dzin24	tonal inexact	paired	4848-4849
book-of-poetry/decade-of-du-ren-shi/zhs	Bai Hua	7	林	心	lim24	ɕim55	exact	crossed	4848-4850
book-of-poetry/decade-of-du-ren-shi/zhs	Bai Hua	7	人	心	dzin24	ɕim55	inexact	paired	4849-4850
book-of-poetry/decade-of-du-ren-shi/zhs	Mian Man	2	之	之	tɕi55	tɕi55	tonal inexact	paired	4863-4864
book-of-poetry/decade-of-du-ren-shi/zhs	Mian Man	2	之	之	tɕi55	tɕi55	tonal inexact	encircling	4863-4866
book-of-poetry/decade-of-du-ren-shi/zhs	Mian Man	2	之	之	tɕi55	tɕi55	tonal inexact	crossed	4864-4866
book-of-poetry/decade-of-du-ren-shi/zhs	Mian Man	3	之	之	tɕi55	tɕi55	tonal inexact	paired	4871-4872
book-of-poetry/decade-of-du-ren-shi/zhs	Mian Man	3	之	之	tɕi55	tɕi55	tonal inexact	encircling	4871-4874
book-of-poetry/decade-of-du-ren-shi/zhs	Mian Man	3	之	之	tɕi55	tɕi55	tonal inexact	crossed	4872-4874
book-of-poetry/decade-of-du-ren-shi/zhs	Hu Ye	2	之	之	tɕi55	tɕi55	tonal inexact	crossed	4884-4886
book-of-poetry/decade-of-du-ren-shi/zhs	Hu Ye	3	之	之	tɕi55	tɕi55	tonal inexact	crossed	4888-4890
book-of-poetry/decade-of-du-ren-shi/zhs	Hu Ye	4	之	之	tɕi55	tɕi55	tonal inexact	crossed	4892-4894
book-of-poetry/decade-of-du-ren-shi/zhs	Jian Jian Zhi Shi	2	矣	矣	aʔ3ʔ	aʔ3ʔ	tonal exact	crossed	4900-4902
book-of-poetry/decade-of-du-ren-shi/zhs	Jian Jian Zhi Shi	2	矣	矣	aʔ3ʔ	aʔ3ʔ	tonal exact	-	4900-4904
book-of-poetry/decade-of-du-ren-shi/zhs	Jian Jian Zhi Shi	2	矣	矣	aʔ3ʔ	aʔ3ʔ	tonal exact	crossed	4902-4904
book-of-poetry/decade-of-du-ren-shi/zhs	Jian Jian Zhi Shi	3	矣	矣	aʔ3ʔ	aʔ3ʔ	tonal exact	crossed	4906-4908
book-of-poetry/decade-of-du-ren-shi/zhs	Jian Jian Zhi Shi	3	矣	矣	aʔ3ʔ	aʔ3ʔ	tonal exact	-	4906-4910
book-of-poetry/decade-of-du-ren-shi/zhs	Jian Jian Zhi Shi	3	矣	矣	aʔ3ʔ	aʔ3ʔ	tonal exact	crossed	4908-4910
book-of-poetry/decade-of-du-ren-shi/zhs	Tiao Zhi Hua	2	矣	矣	aʔ3ʔ	aʔ3ʔ	tonal exact	paired	4918-4919
book-of-poetry/decade-of-du-ren-shi/zhs	Tiao Zhi Hua	2	矣	矣	aʔ3ʔ	aʔ3ʔ	tonal exact	crossed	4918-4920
book-of-poetry/decade-of-du-ren-shi/zhs	Tiao Zhi Hua	2	矣	矣	aʔ3ʔ	aʔ3ʔ	tonal exact	paired	4919-4920
book-of-poetry/decade-of-wen-wang/zhs	Wen Wang	2	新	时	ɕin55	ɕi24	inexact	crossed	4948-4950
book-of-poetry/decade-of-wen-wang/zhs	Wen Wang	3	周	士	tɕu55	su33	inexact	-	4955-4959
book-of-poetry/decade-of-wen-wang/zhs	Wen Wang	5	止	亿	tɕi51	ik̚3ʔ	inexact	-	4970-4974
book-of-poetry/decade-of-wen-wang/zhs	Wen Wang	6	常	将	ɕɔŋ24	tɕɔŋ55	exact	encircling	4978-4981
book-of-poetry/decade-of-wen-wang/zhs	Wen Wang	6	常	祖	ɕɔŋ24	tsɔ51	inexact	-	4978-4984
book-of-poetry/decade-of-wen-wang/zhs	Wen Wang	6	敏	臣	bin51	ɕin24	exact	-	4979-4983
book-of-poetry/decade-of-wen-wang/zhs	Wen Wang	6	将	祖	tɕɔŋ55	tsɔ51	inexact	encircling	4981-4984
book-of-poetry/decade-of-wen-wang/zhs	Wen Wang	7	德	易	tik̚3ʔ	i33	inexact	-	4986-4992
book-of-poetry/decade-of-wen-wang/zhs	Da Ming	3	商	王	ɕɔŋ55	ɔŋ24	exact	-	5008-5014
book-of-poetry/decade-of-wen-wang/zhs	Da Ming	3	行	身	hiŋ33	ɕin55	inexact	paired	5012-5013
book-of-poetry/decade-of-wen-wang/zhs	Da Ming	4	福	国	hɔk̚3ʔ	kɔk̚3ʔ	tonal exact	crossed	5018-5020
book-of-poetry/decade-of-wen-wang/zhs	Da Ming	7	王	商	ɔŋ24	ɕɔŋ55	exact	crossed	5040-5042
book-of-poetry/decade-of-wen-wang/zhs	Da Ming	8	兴	心	hiŋ55	ɕim55	tonal inexact	crossed	5046-5048
book-of-poetry/decade-of-wen-wang/zhs	Mian	7	兴	胜	hiŋ55	ɕiŋ31	exact	paired	5091-5092
book-of-poetry/decade-of-wen-wang/zhs	Mian	9	矣	矣	aʔ3ʔ	aʔ3ʔ	tonal exact	paired	5101-5102
book-of-poetry/decade-of-wen-wang/zhs	Mian	9	矣	矣	aʔ3ʔ	aʔ3ʔ	tonal exact	crossed	5101-5103
book-of-poetry/decade-of-wen-wang/zhs	Mian	9	矣	矣	aʔ3ʔ	aʔ3ʔ	tonal exact	encircling	5101-5104
book-of-poetry/decade-of-wen-wang/zhs	Mian	9	矣	矣	aʔ3ʔ	aʔ3ʔ	tonal exact	paired	5102-5103
book-of-poetry/decade-of-wen-wang/zhs	Mian	9	矣	矣	aʔ3ʔ	aʔ3ʔ	tonal exact	crossed	5102-5104
book-of-poetry/decade-of-wen-wang/zhs	Mian	9	矣	矣	aʔ3ʔ	aʔ3ʔ	tonal exact	paired	5103-5104
book-of-poetry/decade-of-wen-wang/zhs	Yu Pu	4	之	之	tɕi55	tɕi55	tonal inexact	crossed	5120-5122
book-of-poetry/decade-of-wen-wang/zhs	Huang Yi	2	莫	国	bɔk̚5ʔ	kɔk̚3ʔ	exact	paired	5182-5183
book-of-poetry/decade-of-wen-wang/zhs	Huang Yi	2	莫	国	bɔk̚5ʔ	kɔk̚3ʔ	exact	encircling	5182-5185
book-of-poetry/decade-of-wen-wang/zhs	Huang Yi	2	莫	度	bɔk̚5ʔ	tɔk̚5ʔ	tonal exact	-	5182-5186
book-of-poetry/decade-of-wen-wang/zhs	Huang Yi	2	莫	顾	bɔk̚5ʔ	kɔ31	inexact	-	5182-5189
book-of-poetry/decade-of-wen-wang/zhs	Huang Yi	2	国	国	kɔk̚3ʔ	kɔk̚3ʔ	tonal exact	crossed	5183-5185
book-of-poetry/decade-of-wen-wang/zhs	Huang Yi	2	国	度	kɔk̚3ʔ	tɔk̚5ʔ	exact	encircling	5183-5186
book-of-poetry/decade-of-wen-wang/zhs	Huang Yi	2	国	顾	kɔk̚3ʔ	kɔ31	inexact	-	5183-5189
book-of-poetry/decade-of-wen-wang/zhs	Huang Yi	2	国	度	kɔk̚3ʔ	tɔk̚5ʔ	exact	paired	5185-5186
book-of-poetry/decade-of-wen-wang/zhs	Huang Yi	2	国	顾	kɔk̚3ʔ	kɔ31	inexact	-	5185-5189
book-of-poetry/decade-of-wen-wang/zhs	Huang Yi	2	度	顾	tɔk̚5ʔ	kɔ31	inexact	encircling	5186-5189
book-of-poetry/decade-of-wen-wang/zhs	Huang Yi	3	之	之	tɕi55	tɕi55	tonal inexact	crossed	5193-5195
book-of-poetry/decade-of-wen-wang/zhs	Huang Yi	3	之	之	tɕi55	tɕi55	tonal inexact	-	5193-5197
book-of-poetry/decade-of-wen-wang/zhs	Huang Yi	3	之	德	tɕi55	tik̚3ʔ	inexact	-	5193-5199
book-of-poetry/decade-of-wen-wang/zhs	Huang Yi	3	之	之	tɕi55	tɕi55	tonal inexact	crossed	5195-5197
book-of-poetry/decade-of-wen-wang/zhs	Huang Yi	3	之	德	tɕi55	tik̚3ʔ	inexact	-	5195-5199
book-of-poetry/decade-of-wen-wang/zhs	Huang Yi	3	之	德	tɕi55	tik̚3ʔ	inexact	crossed	5197-5199
book-of-poetry/decade-of-wen-wang/zhs	Huang Yi	3	路	固	lɔ33	kɔ31	inexact	crossed	5200-5202
book-of-poetry/decade-of-wen-wang/zhs	Huang Yi	4	季	季	kui31	kui31	tonal inexact	paired	5207-5208
book-of-poetry/decade-of-wen-wang/zhs	Huang Yi	5	心	音	ɕim55	im55	tonal exact	paired	5216-5217
book-of-poetry/decade-of-wen-wang/zhs	Huang Yi	5	心	比	ɕim55	pi51	inexact	-	5216-5222
book-of-poetry/decade-of-wen-wang/zhs	Huang Yi	5	音	比	im55	pi51	inexact	-	5217-5222
book-of-poetry/decade-of-wen-wang/zhs	Huang Yi	5	比	祉	pi51	tɕi51	tonal inexact	encircling	5222-5225
book-of-poetry/decade-of-wen-wang/zhs	Huang Yi	6	邦	共	paŋ55	ka33	inexact	paired	5232-5233
book-of-poetry/decade-of-wen-wang/zhs	Huang Yi	7	冈	阿	kɔŋ55	ɔ55	tonal inexact	crossed	5241-5243
book-of-poetry/decade-of-wen-wang/zhs	Huang Yi	7	陵	池	liŋ24	ti24	tonal inexact	encircling	5242-5245
book-of-poetry/decade-of-wen-wang/zhs	Huang Yi	7	阿	将	ɔ55	tɕɔŋ55	tonal inexact	-	5243-5248
book-of-poetry/decade-of-wen-wang/zhs	Huang Yi	7	将	王	tɕɔŋ55	ɔŋ24	exact	crossed	5248-5250
book-of-poetry/decade-of-wen-wang/zhs	Huang Yi	8	德	色	tik̚3ʔ	ɕik̚3ʔ	tonal exact	paired	5252-5253
book-of-poetry/decade-of-wen-wang/zhs	Huang Yi	8	德	革	tik̚3ʔ	kik̚3ʔ	tonal exact	crossed	5252-5254
book-of-poetry/decade-of-wen-wang/zhs	Huang Yi	8	德	则	tik̚3ʔ	tɕik̚3ʔ	tonal exact	-	5252-5256
book-of-poetry/decade-of-wen-wang/zhs	Huang Yi	8	色	革	ɕik̚3ʔ	kik̚3ʔ	tonal exact	paired	5253-5254
book-of-poetry/decade-of-wen-wang/zhs	Huang Yi	8	色	则	ɕik̚3ʔ	tɕik̚3ʔ	tonal exact	encircling	5253-5256
book-of-poetry/decade-of-wen-wang/zhs	Huang Yi	8	革	则	kik̚3ʔ	tɕik̚3ʔ	tonal exact	crossed	5254-5256
book-of-poetry/decade-of-wen-wang/zhs	Huang Yi	8	王	冲	ɔŋ24	tɕʰɔŋ55	exact	-	5257-5261
book-of-poetry/decade-of-wen-wang/zhs	Ling Tai	2	之	之	tɕi55	tɕi55	tonal inexact	paired	5276-5277
book-of-poetry/decade-of-wen-wang/zhs	Ling Tai	2	之	之	tɕi55	tɕi55	tonal inexact	crossed	5276-5278
book-of-poetry/decade-of-wen-wang/zhs	Ling Tai	2	之	之	tɕi55	tɕi55	tonal inexact	paired	5277-5278
book-of-poetry/decade-of-wen-wang/zhs	Wen Wang You Sheng	8	之	之	tɕi55	tɕi55	tonal inexact	paired	5351-5352
book-of-poetry/decade-of-sheng-min/zhs	Sheng Min	2	歆	止	him55	tɕi51	inexact	paired	5364-5365
book-of-poetry/decade-of-sheng-min/zhs	Sheng Min	2	歆	稷	him55	tɕik̚3ʔ	inexact	-	5364-5368
book-of-poetry/decade-of-sheng-min/zhs	Sheng Min	2	止	稷	tɕi51	tɕik̚3ʔ	inexact	encircling	5365-5368
book-of-poetry/decade-of-sheng-min/zhs	Sheng Min	3	灵	宁	liŋ24	liŋ24	tonal exact	paired	5373-5374
book-of-poetry/decade-of-sheng-min/zhs	Sheng Min	5	之	林	tɕi55	lim24	inexact	paired	5378-5379
book-of-poetry/decade-of-sheng-min/zhs	Sheng Min	5	之	林	tɕi55	lim24	inexact	crossed	5378-5380
book-of-poetry/decade-of-sheng-min/zhs	Sheng Min	5	之	冰	tɕi55	piŋ55	tonal inexact	encircling	5378-5381
book-of-poetry/decade-of-sheng-min/zhs	Sheng Min	5	之	之	tɕi55	tɕi55	tonal inexact	-	5378-5382
book-of-poetry/decade-of-sheng-min/zhs	Sheng Min	5	林	林	lim24	lim24	tonal exact	paired	5379-5380
book-of-poetry/decade-of-sheng-min/zhs	Sheng Min	5	林	冰	lim24	piŋ55	inexact	crossed	5379-5381
book-of-poetry/decade-of-sheng-min/zhs	Sheng Min	5	林	之	lim24	tɕi55	inexact	encircling	5379-5382
book-of-poetry/decade-of-sheng-min/zhs	Sheng Min	5	林	冰	lim24	piŋ55	inexact	paired	5380-5381
book-of-poetry/decade-of-sheng-min/zhs	Sheng Min	5	林	之	lim24	tɕi55	inexact	crossed	5380-5382
book-of-poetry/decade-of-sheng-min/zhs	Sheng Min	5	冰	之	piŋ55	tɕi55	tonal inexact	paired	5381-5382
book-of-poetry/decade-of-sheng-min/zhs	Sheng Min	5	矣	矣	aʔ3ʔ	aʔ3ʔ	tonal exact	paired	5383-5384
book-of-poetry/decade-of-sheng-min/zhs	Sheng Min	6	袖	秀	ɕu31	ɕu31	tonal inexact	paired	5400-5401
book-of-poetry/decade-of-sheng-min/zhs	Xing Wei	3	御	灸	gu33	ku31	inexact	-	5440-5444
book-of-poetry/decade-of-sheng-min/zhs	Xing Wei	4	钧	句	kun55	ku31	inexact	encircling	5448-5451
book-of-poetry/decade-of-sheng-min/zhs	Xing Wei	4	钧	侮	kun55	bu51	inexact	-	5448-5454
book-of-poetry/decade-of-sheng-min/zhs	Xing Wei	4	句	侮	ku31	bu51	inexact	encircling	5451-5454
book-of-poetry/decade-of-sheng-min/zhs	Ji Jui	8	禄	仆	lɔk̚5ʔ	pɔk̚5ʔ	tonal exact	crossed	5488-5490
book-of-poetry/decade-of-sheng-min/zhs	Fu Yi	2	馨	饮	hiŋ55	im51	inexact	paired	5498-5499
book-of-poetry/decade-of-sheng-min/zhs	Fu Yi	3	宜	饮	gi24	im51	inexact	encircling	5502-5505
book-of-poetry/decade-of-sheng-min/zhs	Fu Yi	5	宗	崇	tsɔŋ55	tsɔŋ24	exact	encircling	5515-5518
book-of-poetry/decade-of-sheng-min/zhs	Jia Le	2	人	之	dzin24	tɕi55	inexact	crossed	5527-5529
book-of-poetry/decade-of-sheng-min/zhs	Jia Le	2	人	之	dzin24	tɕi55	inexact	encircling	5527-5530
book-of-poetry/decade-of-sheng-min/zhs	Jia Le	2	之	之	tɕi55	tɕi55	tonal inexact	paired	5529-5530
book-of-poetry/decade-of-sheng-min/zhs	Jia Le	3	皇	王	hɔŋ24	ɔŋ24	tonal exact	paired	5533-5534
book-of-poetry/decade-of-sheng-min/zhs	Jia Le	3	皇	忘	hɔŋ24	bɔŋ33	exact	crossed	5533-5535
book-of-poetry/decade-of-sheng-min/zhs	Jia Le	3	王	忘	ɔŋ24	bɔŋ33	exact	paired	5534-5535
book-of-poetry/decade-of-sheng-min/zhs	Gong Liu	2	疆	扬	kiɔŋ55	iɔŋ24	exact	-	5551-5557
book-of-poetry/decade-of-sheng-min/zhs	Gong Liu	3	原	繁	guan24	huan24	tonal exact	paired	5560-5561
book-of-poetry/decade-of-sheng-min/zhs	Gong Liu	3	原	宣	guan24	suan55	exact	crossed	5560-5562
book-of-poetry/decade-of-sheng-min/zhs	Gong Liu	3	原	原	guan24	guan24	tonal exact	-	5560-5565
book-of-poetry/decade-of-sheng-min/zhs	Gong Liu	3	繁	宣	huan24	suan55	exact	paired	5561-5562
book-of-poetry/decade-of-sheng-min/zhs	Gong Liu	3	繁	原	huan24	guan24	tonal exact	-	5561-5565
book-of-poetry/decade-of-sheng-min/zhs	Gong Liu	3	宣	原	suan55	guan24	exact	encircling	5562-5565
book-of-poetry/decade-of-sheng-min/zhs	Gong Liu	4	野	言	ia51	gian24	inexact	encircling	5574-5577
book-of-poetry/decade-of-sheng-min/zhs	Gong Liu	5	依	依	i55	i55	tonal inexact	encircling	5580-5583
book-of-poetry/decade-of-sheng-min/zhs	Gong Liu	5	依	之	i55	tɕi55	tonal inexact	-	5580-5587
book-of-poetry/decade-of-sheng-min/zhs	Gong Liu	5	依	之	i55	tɕi55	tonal inexact	-	5583-5587
book-of-poetry/decade-of-sheng-min/zhs	Gong Liu	5	依	之	i55	tɕi55	tonal inexact	-	5583-5588
book-of-poetry/decade-of-sheng-min/zhs	Gong Liu	5	之	之	tɕi55	tɕi55	tonal inexact	paired	5587-5588
book-of-poetry/decade-of-sheng-min/zhs	Gong Liu	6	阳	阳	iũ24	iũ24	tonal inexact	-	5592-5597
book-of-poetry/decade-of-sheng-min/zhs	Juan A	3	矣	矣	aʔ3ʔ	aʔ3ʔ	tonal exact	encircling	5630-5633
book-of-poetry/decade-of-sheng-min/zhs	Juan A	4	矣	矣	aʔ3ʔ	aʔ3ʔ	tonal exact	encircling	5635-5638
book-of-poetry/decade-of-sheng-min/zhs	Juan A	5	矣	矣	aʔ3ʔ	aʔ3ʔ	tonal exact	encircling	5640-5643
book-of-poetry/decade-of-sheng-min/zhs	Juan A	9	人	人	dzin24	dzin24	tonal exact	crossed	5663-5665
book-of-poetry/decade-of-sheng-min/zhs	Min Lu	2	国	王	kɔk̚3ʔ	ɔŋ24	inexact	-	5680-5687
book-of-poetry/decade-of-sheng-min/zhs	Min Lu	3	休	忧	hiu55	iu55	tonal inexact	-	5689-5695
book-of-poetry/decade-of-sheng-min/zhs	Min Lu	3	休	休	hiu55	hiu55	tonal inexact	-	5689-5697
book-of-poetry/decade-of-sheng-min/zhs	Min Lu	3	忧	休	iu55	hiu55	tonal inexact	crossed	5695-5697
book-of-poetry/decade-of-sheng-min/zhs	Min Lu	4	极	仪	kik̚5ʔ	gi24	inexact	encircling	5703-5706
book-of-poetry/decade-of-sheng-min/zhs	Min Lu	4	极	德	kik̚5ʔ	tik̚3ʔ	exact	-	5703-5707
book-of-poetry/decade-of-sheng-min/zhs	Min Lu	4	仪	德	gi24	tik̚3ʔ	inexact	paired	5706-5707
book-of-poetry/decade-of-sheng-min/zhs	Ban	3	泄	矣	ɕat̚3ʔ	aʔ3ʔ	tonal inexact	paired	5739-5740
book-of-poetry/decade-of-sheng-min/zhs	Ban	3	泄	矣	ɕat̚3ʔ	aʔ3ʔ	tonal inexact	crossed	5739-5741
book-of-poetry/decade-of-sheng-min/zhs	Ban	3	泄	矣	ɕat̚3ʔ	aʔ3ʔ	tonal inexact	encircling	5739-5742
book-of-poetry/decade-of-sheng-min/zhs	Ban	3	泄	矣	ɕat̚3ʔ	aʔ3ʔ	tonal inexact	-	5739-5743
book-of-poetry/decade-of-sheng-min/zhs	Ban	3	矣	矣	aʔ3ʔ	aʔ3ʔ	tonal exact	paired	5740-5741
book-of-poetry/decade-of-sheng-min/zhs	Ban	3	矣	矣	aʔ3ʔ	aʔ3ʔ	tonal exact	crossed	5740-5742
book-of-poetry/decade-of-sheng-min/zhs	Ban	3	矣	矣	aʔ3ʔ	aʔ3ʔ	tonal exact	encircling	5740-5743
book-of-poetry/decade-of-sheng-min/zhs	Ban	3	矣	矣	aʔ3ʔ	aʔ3ʔ	tonal exact	paired	5741-5742
book-of-poetry/decade-of-sheng-min/zhs	Ban	3	矣	矣	aʔ3ʔ	aʔ3ʔ	tonal exact	crossed	5741-5743
book-of-poetry/decade-of-sheng-min/zhs	Ban	3	矣	矣	aʔ3ʔ	aʔ3ʔ	tonal exact	paired	5742-5743
book-of-poetry/decade-of-sheng-min/zhs	Ban	4	谋	服	bɔ24	hɔk̚5ʔ	inexact	crossed	5746-5748
book-of-poetry/decade-of-sheng-min/zhs	Ban	7	易	辟	i33	pʰik̚3ʔ	inexact	paired	5773-5774
book-of-poetry/decade-of-sheng-min/zhs	Ban	7	易	辟	i33	pʰik̚3ʔ	inexact	crossed	5773-5775
book-of-poetry/decade-of-sheng-min/zhs	Ban	7	辟	辟	pʰik̚3ʔ	pʰik̚3ʔ	tonal exact	paired	5774-5775
book-of-poetry/decade-of-dang/zhs	Dang	2	辟	辟	pʰik̚3ʔ	pʰik̚3ʔ	tonal exact	crossed	5793-5795
book-of-poetry/decade-of-dang/zhs	Dang	2	辟	民	pʰik̚3ʔ	bin24	inexact	encircling	5793-5796
book-of-poetry/decade-of-dang/zhs	Dang	2	辟	民	pʰik̚3ʔ	bin24	inexact	paired	5795-5796
book-of-poetry/decade-of-dang/zhs	Dang	3	克	德	kʰik̚3ʔ	tik̚3ʔ	tonal exact	encircling	5803-5806
book-of-poetry/decade-of-dang/zhs	Dang	4	类	对	lui33	tui31	inexact	crossed	5810-5812
book-of-poetry/decade-of-dang/zhs	Dang	5	德	德	tik̚3ʔ	tik̚3ʔ	tonal exact	paired	5819-5820
book-of-poetry/decade-of-dang/zhs	Dang	5	德	侧	tik̚3ʔ	tɕʰik̚3ʔ	tonal exact	crossed	5819-5821
book-of-poetry/decade-of-dang/zhs	Dang	5	德	卿	tik̚3ʔ	kʰing55	inexact	-	5819-5823
book-of-poetry/decade-of-dang/zhs	Dang	5	德	侧	tik̚3ʔ	tɕʰik̚3ʔ	tonal exact	paired	5820-5821
book-of-poetry/decade-of-dang/zhs	Dang	5	德	卿	tik̚3ʔ	kʰing55	inexact	encircling	5820-5823
book-of-poetry/decade-of-dang/zhs	Dang	5	侧	卿	tɕʰik̚3ʔ	kʰing55	inexact	crossed	5821-5823
book-of-poetry/decade-of-dang/zhs	Dang	7	丧	国	sɔŋ31	kɔk̚3ʔ	inexact	crossed	5836-5838
book-of-poetry/decade-of-dang/zhs	Dang	8	时	人	ɕi24	dzin24	tonal inexact	crossed	5842-5844
book-of-poetry/decade-of-dang/zhs	Dang	8	时	刑	ɕi24	hiŋ24	tonal inexact	encircling	5842-5845
book-of-poetry/decade-of-dang/zhs	Dang	8	时	倾	ɕi24	kʰing55	inexact	-	5842-5847
book-of-poetry/decade-of-dang/zhs	Dang	8	人	刑	dzin24	hiŋ24	tonal inexact	paired	5844-5845
book-of-poetry/decade-of-dang/zhs	Dang	8	人	倾	dzin24	kʰing55	exact	encircling	5844-5847
book-of-poetry/decade-of-dang/zhs	Dang	8	刑	倾	hiŋ24	kʰing55	inexact	crossed	5845-5847
book-of-poetry/decade-of-dang/zhs	Yi	2	愚	愚	gu24	gu24	tonal inexact	paired	5859-5860
book-of-poetry/decade-of-dang/zhs	Yi	2	愚	愚	gu24	gu24	tonal inexact	encircling	5859-5862
book-of-poetry/decade-of-dang/zhs	Yi	2	愚	愚	gu24	gu24	tonal inexact	crossed	5860-5862
book-of-poetry/decade-of-dang/zhs	Yi	3	之	行	tɕi55	hiŋ33	inexact	paired	5865-5866
book-of-poetry/decade-of-dang/zhs	Yi	3	之	之	tɕi55	tɕi55	tonal inexact	crossed	5865-5867
book-of-poetry/decade-of-dang/zhs	Yi	3	之	仪	tɕi55	gi24	inexact	-	5865-5870
book-of-poetry/decade-of-dang/zhs	Yi	3	之	则	tɕi55	tɕik̚3ʔ	inexact	-	5865-5871
book-of-poetry/decade-of-dang/zhs	Yi	3	行	之	hiŋ33	tɕi55	inexact	paired	5866-5867
book-of-poetry/decade-of-dang/zhs	Yi	3	行	仪	hiŋ33	gi24	inexact	-	5866-5870
book-of-poetry/decade-of-dang/zhs	Yi	3	行	则	hiŋ33	tɕik̚3ʔ	inexact	-	5866-5871
book-of-poetry/decade-of-dang/zhs	Yi	3	之	仪	tɕi55	gi24	inexact	encircling	5867-5870
book-of-poetry/decade-of-dang/zhs	Yi	3	之	则	tɕi55	tɕik̚3ʔ	inexact	-	5867-5871
book-of-poetry/decade-of-dang/zhs	Yi	3	仪	则	gi24	tɕik̚3ʔ	inexact	paired	5870-5871
book-of-poetry/decade-of-dang/zhs	Yi	4	德	刑	tik̚3ʔ	hiŋ24	inexact	-	5874-5879
book-of-poetry/decade-of-dang/zhs	Yi	5	寐	兵	bi33	piŋ55	inexact	-	5883-5887
book-of-poetry/decade-of-dang/zhs	Yi	6	也	也	ia33	ia33	tonal inexact	crossed	5897-5899
book-of-poetry/decade-of-dang/zhs	Yi	7	矣	矣	aʔ3ʔ	aʔ3ʔ	tonal exact	crossed	5901-5903
book-of-poetry/decade-of-dang/zhs	Yi	8	思	思	su31	su31	tonal inexact	paired	5917-5918
book-of-poetry/decade-of-dang/zhs	Yi	8	思	思	su31	su31	tonal inexact	crossed	5917-5919
book-of-poetry/decade-of-dang/zhs	Yi	8	思	思	su31	su31	tonal inexact	paired	5918-5919
book-of-poetry/decade-of-dang/zhs	Yi	9	嘉	角	ka55	kak̚3ʔ	inexact	-	5921-5928
book-of-poetry/decade-of-dang/zhs	Yi	9	止	仪	tɕi51	gi24	inexact	paired	5922-5923
book-of-poetry/decade-of-dang/zhs	Yi	9	止	则	tɕi51	tɕik̚3ʔ	inexact	encircling	5922-5925
book-of-poetry/decade-of-dang/zhs	Yi	9	止	李	tɕi51	li51	tonal inexact	-	5922-5927
book-of-poetry/decade-of-dang/zhs	Yi	9	仪	则	gi24	tɕik̚3ʔ	inexact	crossed	5923-5925
book-of-poetry/decade-of-dang/zhs	Yi	9	仪	李	gi24	li51	inexact	-	5923-5927
book-of-poetry/decade-of-dang/zhs	Yi	9	则	李	tɕik̚3ʔ	li51	inexact	crossed	5925-5927
book-of-poetry/decade-of-dang/zhs	Yi	10	人	人	dzin24	dzin24	tonal exact	crossed	5932-5934
book-of-poetry/decade-of-dang/zhs	Yi	10	人	行	dzin24	hiŋ33	inexact	-	5932-5936
book-of-poetry/decade-of-dang/zhs	Yi	10	人	人	dzin24	dzin24	tonal exact	-	5932-5937
book-of-poetry/decade-of-dang/zhs	Yi	10	人	行	dzin24	hiŋ33	inexact	crossed	5934-5936
book-of-poetry/decade-of-dang/zhs	Yi	10	人	人	dzin24	dzin24	tonal exact	encircling	5934-5937
book-of-poetry/decade-of-dang/zhs	Yi	10	人	心	dzin24	ɕim55	inexact	-	5934-5939
book-of-poetry/decade-of-dang/zhs	Yi	10	行	人	hiŋ33	dzin24	inexact	paired	5936-5937
book-of-poetry/decade-of-dang/zhs	Yi	10	行	心	hiŋ33	ɕim55	inexact	encircling	5936-5939
book-of-poetry/decade-of-dang/zhs	Yi	10	人	心	dzin24	ɕim55	inexact	crossed	5937-5939
book-of-poetry/decade-of-dang/zhs	Yi	11	之	之	tɕi55	tɕi55	tonal inexact	crossed	5942-5944
book-of-poetry/decade-of-dang/zhs	Yi	11	之	盈	tɕi55	iŋ24	inexact	-	5942-5948
book-of-poetry/decade-of-dang/zhs	Yi	11	之	盈	tɕi55	iŋ24	inexact	-	5944-5948
book-of-poetry/decade-of-dang/zhs	Sang Rou	3	夷	频	i24	pin24	tonal inexact	-	5980-5985
book-of-poetry/decade-of-dang/zhs	Sang Rou	4	疑	竞	gi24	kiŋ33	inexact	encircling	5988-5991
book-of-poetry/decade-of-dang/zhs	Sang Rou	5	宇	处	u51	tsʰu31	inexact	-	5995-5999
book-of-poetry/decade-of-dang/zhs	Sang Rou	8	国	苍	kɔk̚3ʔ	tsʰɔŋ55	inexact	encircling	6022-6025
book-of-poetry/decade-of-dang/zhs	Sang Rou	9	臧	狂	tsɔŋ55	kɔŋ24	exact	crossed	6031-6033
book-of-poetry/decade-of-dang/zhs	Sang Rou	10	鹿	谷	lɔk̚5ʔ	kɔk̚3ʔ	exact	crossed	6035-6037
book-of-poetry/decade-of-dang/zhs	Sang Rou	10	鹿	谷	lɔk̚5ʔ	kɔk̚3ʔ	exact	-	6035-6039
book-of-poetry/decade-of-dang/zhs	Sang Rou	10	谷	谷	kɔk̚3ʔ	kɔk̚3ʔ	tonal exact	crossed	6037-6039
book-of-poetry/decade-of-dang/zhs	Sang Rou	11	里	人	li51	dzin24	inexact	paired	6041-6042
book-of-poetry/decade-of-dang/zhs	Sang Rou	11	里	喜	li51	hi51	tonal inexact	crossed	6041-6043
book-of-poetry/decade-of-dang/zhs	Sang Rou	11	里	能	li51	liŋ24	inexact	encircling	6041-6044
book-of-poetry/decade-of-dang/zhs	Sang Rou	11	里	忌	li51	kʰi33	inexact	-	6041-6045
book-of-poetry/decade-of-dang/zhs	Sang Rou	11	人	喜	dzin24	hi51	inexact	paired	6042-6043
book-of-poetry/decade-of-dang/zhs	Sang Rou	11	人	能	dzin24	liŋ24	tonal inexact	crossed	6042-6044
book-of-poetry/decade-of-dang/zhs	Sang Rou	11	人	忌	dzin24	kʰi33	inexact	encircling	6042-6045
book-of-poetry/decade-of-dang/zhs	Sang Rou	11	喜	能	hi51	liŋ24	inexact	paired	6043-6044
book-of-poetry/decade-of-dang/zhs	Sang Rou	11	喜	忌	hi51	kʰi33	inexact	crossed	6043-6045
book-of-poetry/decade-of-dang/zhs	Sang Rou	11	能	忌	liŋ24	kʰi33	inexact	paired	6044-6045
book-of-poetry/decade-of-dang/zhs	Sang Rou	12	迪	心	tik̚5ʔ	ɕim55	inexact	paired	6047-6048
book-of-poetry/decade-of-dang/zhs	Sang Rou	13	谷	谷	kɔk̚3ʔ	kɔk̚3ʔ	tonal exact	crossed	6053-6055
book-of-poetry/decade-of-dang/zhs	Sang Rou	14	类	对	lui33	tui31	inexact	paired	6059-6060
book-of-poetry/decade-of-dang/zhs	Sang Rou	14	类	醉	lui33	tsui31	inexact	crossed	6059-6061
book-of-poetry/decade-of-dang/zhs	Sang Rou	14	对	醉	tui31	tsui31	tonal inexact	paired	6060-6061
book-of-poetry/decade-of-dang/zhs	Yun Han	2	人	举	dzin24	ki51	inexact	encircling	6085-6088
book-of-poetry/decade-of-dang/zhs	Yun Han	3	宗	土	tsɔŋ55	tʰɔ51	inexact	encircling	6097-6100
book-of-poetry/decade-of-dang/zhs	Yun Han	3	克	临	kʰik̚3ʔ	lim24	inexact	paired	6098-6099
book-of-poetry/decade-of-dang/zhs	Yun Han	4	雷	遗	lui24	ui24	tonal inexact	crossed	6105-6107
book-of-poetry/decade-of-dang/zhs	Yun Han	4	雷	遗	lui24	ui24	tonal inexact	-	6105-6109
book-of-poetry/decade-of-dang/zhs	Yun Han	4	雷	畏	lui24	ui31	inexact	-	6105-6110
book-of-poetry/decade-of-dang/zhs	Yun Han	4	遗	遗	ui24	ui24	tonal inexact	crossed	6107-6109
book-of-poetry/decade-of-dang/zhs	Yun Han	4	遗	畏	ui24	ui31	inexact	encircling	6107-6110
book-of-poetry/decade-of-dang/zhs	Yun Han	4	遗	摧	ui24	tsʰui55	inexact	-	6107-6111
book-of-poetry/decade-of-dang/zhs	Yun Han	4	遗	畏	ui24	ui31	inexact	paired	6109-6110
book-of-poetry/decade-of-dang/zhs	Yun Han	4	遗	摧	ui24	tsʰui55	inexact	crossed	6109-6111
book-of-poetry/decade-of-dang/zhs	Yun Han	4	畏	摧	ui31	tsʰui55	inexact	paired	6110-6111
book-of-poetry/decade-of-dang/zhs	Yun Han	5	所	顾	sɔ51	kɔ31	inexact	crossed	6115-6117
book-of-poetry/decade-of-dang/zhs	Yun Han	5	所	助	sɔ51	tsɔ33	inexact	-	6115-6119
book-of-poetry/decade-of-dang/zhs	Yun Han	5	所	祖	sɔ51	tsɔ51	tonal inexact	-	6115-6120
book-of-poetry/decade-of-dang/zhs	Yun Han	5	所	予	sɔ51	hɔ33	inexact	-	6115-6121
book-of-poetry/decade-of-dang/zhs	Yun Han	5	顾	助	kɔ31	tsɔ33	inexact	crossed	6117-6119
book-of-poetry/decade-of-dang/zhs	Yun Han	5	顾	祖	kɔ31	tsɔ51	inexact	encircling	6117-6120
book-of-poetry/decade-of-dang/zhs	Yun Han	5	顾	予	kɔ31	hɔ33	inexact	-	6117-6121
book-of-poetry/decade-of-dang/zhs	Yun Han	5	助	祖	tsɔ33	tsɔ51	inexact	paired	6119-6120
book-of-poetry/decade-of-dang/zhs	Yun Han	5	助	予	tsɔ33	hɔ33	tonal inexact	crossed	6119-6121
book-of-poetry/decade-of-dang/zhs	Yun Han	5	祖	予	tsɔ51	hɔ33	inexact	paired	6120-6121
book-of-poetry/decade-of-dang/zhs	Yun Han	6	焚	暑	hun24	su51	inexact	paired	6125-6126
book-of-poetry/decade-of-dang/zhs	Yun Han	6	焚	熏	hun24	hun55	exact	crossed	6125-6127
book-of-poetry/decade-of-dang/zhs	Yun Han	6	焚	闻	hun24	bun24	tonal exact	-	6125-6129
book-of-poetry/decade-of-dang/zhs	Yun Han	6	暑	熏	su51	hun55	inexact	paired	6126-6127
book-of-poetry/decade-of-dang/zhs	Yun Han	6	暑	闻	su51	bun24	inexact	encircling	6126-6129
book-of-poetry/decade-of-dang/zhs	Yun Han	6	熏	闻	hun55	bun24	exact	crossed	6127-6129
book-of-poetry/decade-of-dang/zhs	Yun Han	7	去	神	kʰi31	ɕin24	inexact	-	6133-6140
book-of-poetry/decade-of-dang/zhs	Yun Han	7	故	莫	kɔ31	bɔk̚5ʔ	inexact	crossed	6135-6137
book-of-poetry/decade-of-dang/zhs	Yun Han	7	故	怒	kɔ31	nɔ33	inexact	-	6135-6141
book-of-poetry/decade-of-dang/zhs	Yun Han	7	莫	怒	bɔk̚5ʔ	nɔ33	inexact	-	6137-6141
book-of-poetry/decade-of-dang/zhs	Yun Han	8	纪	氏	ki51	ɕi33	inexact	encircling	6143-6146
book-of-poetry/decade-of-dang/zhs	Yun Han	8	纪	里	ki51	li51	tonal inexact	-	6143-6151
book-of-poetry/decade-of-dang/zhs	Yun Han	8	氏	里	ɕi33	li51	inexact	-	6146-6151
book-of-poetry/decade-of-dang/zhs	Song Gao	2	神	申	ɕin24	ɕin55	exact	paired	6164-6165
book-of-poetry/decade-of-dang/zhs	Song Gao	2	蕃	宣	huan55	suan55	tonal exact	paired	6168-6169
book-of-poetry/decade-of-dang/zhs	Song Gao	4	人	人	dzin24	dzin24	tonal exact	-	6180-6185
book-of-poetry/decade-of-dang/zhs	Song Gao	6	宝	保	pə51	pə51	tonal inexact	crossed	6199-6201
book-of-poetry/decade-of-dang/zhs	Song Gao	8	谢	翰	tɕa33	han33	tonal inexact	encircling	6211-6214
book-of-poetry/decade-of-dang/zhs	Zheng Min	2	则	德	tɕik̚3ʔ	tik̚3ʔ	tonal exact	crossed	6227-6229
book-of-poetry/decade-of-dang/zhs	Zheng Min	2	周	甫	tɕu55	hu51	inexact	encircling	6230-6233
book-of-poetry/decade-of-dang/zhs	Zheng Min	3	则	色	tɕik̚3ʔ	ɕik̚3ʔ	tonal exact	paired	6235-6236
book-of-poetry/decade-of-dang/zhs	Zheng Min	4	考	保	kʰə51	pə51	tonal inexact	paired	6244-6245
book-of-poetry/decade-of-dang/zhs	Zheng Min	5	之	身	tɕi55	ɕin55	tonal inexact	crossed	6253-6255
book-of-poetry/decade-of-dang/zhs	Zheng Min	5	之	人	tɕi55	dzin24	inexact	-	6253-6257
book-of-poetry/decade-of-dang/zhs	Zheng Min	5	身	人	ɕin55	dzin24	exact	crossed	6255-6257
book-of-poetry/decade-of-dang/zhs	Zheng Min	6	之	之	tɕi55	tɕi55	tonal inexact	paired	6259-6260
book-of-poetry/decade-of-dang/zhs	Zheng Min	6	甫	御	hu51	gu33	inexact	-	6261-6265
book-of-poetry/decade-of-dang/zhs	Zheng Min	7	之	之	tɕi55	tɕi55	tonal inexact	paired	6268-6269
book-of-poetry/decade-of-dang/zhs	Zheng Min	7	之	之	tɕi55	tɕi55	tonal inexact	crossed	6268-6270
book-of-poetry/decade-of-dang/zhs	Zheng Min	7	之	之	tɕi55	tɕi55	tonal inexact	encircling	6268-6271
book-of-poetry/decade-of-dang/zhs	Zheng Min	7	之	之	tɕi55	tɕi55	tonal inexact	-	6268-6273
book-of-poetry/decade-of-dang/zhs	Zheng Min	7	之	之	tɕi55	tɕi55	tonal inexact	paired	6269-6270
book-of-poetry/decade-of-dang/zhs	Zheng Min	7	之	之	tɕi55	tɕi55	tonal inexact	crossed	6269-6271
book-of-poetry/decade-of-dang/zhs	Zheng Min	7	之	之	tɕi55	tɕi55	tonal inexact	-	6269-6273
book-of-poetry/decade-of-dang/zhs	Zheng Min	7	之	之	tɕi55	tɕi55	tonal inexact	paired	6270-6271
book-of-poetry/decade-of-dang/zhs	Zheng Min	7	之	之	tɕi55	tɕi55	tonal inexact	encircling	6270-6273
book-of-poetry/decade-of-dang/zhs	Zheng Min	7	之	之	tɕi55	tɕi55	tonal inexact	crossed	6271-6273
book-of-poetry/decade-of-dang/zhs	Han Yi	2	道	考	tə33	kʰə51	inexact	encircling	6292-6295
book-of-poetry/decade-of-dang/zhs	Han Yi	2	之	易	tɕi55	i33	inexact	-	6294-6299
book-of-poetry/decade-of-dang/zhs	Han Yi	2	之	辟	tɕi55	pʰik̚3ʔ	inexact	-	6294-6301
book-of-poetry/decade-of-dang/zhs	Han Yi	2	易	辟	i33	pʰik̚3ʔ	inexact	crossed	6299-6301
book-of-poetry/decade-of-dang/zhs	Han Yi	4	屠	蒲	tɔ24	pɔ24	tonal inexact	-	6315-6321
book-of-poetry/decade-of-dang/zhs	Han Yi	4	之	鱼	tɕi55	hi24	inexact	encircling	6316-6319
book-of-poetry/decade-of-dang/zhs	Han Yi	4	何	何	hə24	hə24	tonal inexact	crossed	6318-6320
book-of-poetry/decade-of-dang/zhs	Han Yi	4	何	何	hə24	hə24	tonal inexact	-	6318-6322
book-of-poetry/decade-of-dang/zhs	Han Yi	4	何	何	hə24	hə24	tonal inexact	crossed	6320-6322
book-of-poetry/decade-of-dang/zhs	Han Yi	5	甥	止	ɕiŋ55	tɕi51	inexact	crossed	6327-6329
book-of-poetry/decade-of-dang/zhs	Han Yi	5	甥	里	ɕiŋ55	li51	inexact	encircling	6327-6330
book-of-poetry/decade-of-dang/zhs	Han Yi	5	甥	之	ɕiŋ55	tɕi55	tonal inexact	-	6327-6334
book-of-poetry/decade-of-dang/zhs	Han Yi	5	止	里	tɕi51	li51	tonal inexact	paired	6329-6330
book-of-poetry/decade-of-dang/zhs	Han Yi	5	止	之	tɕi51	tɕi55	inexact	-	6329-6334
book-of-poetry/decade-of-dang/zhs	Han Yi	5	里	之	li51	tɕi55	inexact	-	6330-6334
book-of-poetry/decade-of-dang/zhs	Han Yi	5	里	之	li51	tɕi55	inexact	-	6330-6336
book-of-poetry/decade-of-dang/zhs	Han Yi	5	之	之	tɕi55	tɕi55	tonal inexact	crossed	6334-6336
book-of-poetry/decade-of-dang/zhs	Han Yi	6	乐	土	lɔk̚5ʔ	tʰɔ51	inexact	paired	6341-6342
book-of-poetry/decade-of-dang/zhs	Han Yi	6	甫	虎	hu51	hu55	inexact	encircling	6344-6347
book-of-poetry/decade-of-dang/zhs	Han Yi	6	甫	誉	hu51	u33	inexact	-	6344-6349
book-of-poetry/decade-of-dang/zhs	Han Yi	6	虎	誉	hu55	u33	inexact	crossed	6347-6349
book-of-poetry/decade-of-dang/zhs	Jiang Han	4	极	理	kik̚5ʔ	li51	inexact	paired	6383-6384
book-of-poetry/decade-of-dang/zhs	Jiang Han	6	田	年	tian24	lian24	tonal exact	-	6397-6401
book-of-poetry/decade-of-dang/zhs	Chang Wu	2	祖	国	tsɔ51	kɔk̚3ʔ	inexact	-	6412-6417
book-of-poetry/decade-of-dang/zhs	Chang Wu	3	父	处	hu33	tsʰu31	inexact	-	6419-6424
book-of-poetry/decade-of-dang/zhs	Chang Wu	3	父	绪	hu33	su33	tonal inexact	-	6419-6425
book-of-poetry/decade-of-dang/zhs	Chang Wu	3	浦	土	pʰɔ51	tʰɔ51	tonal inexact	paired	6422-6423
book-of-poetry/decade-of-dang/zhs	Chang Wu	3	处	绪	tsʰu31	su33	inexact	paired	6424-6425
book-of-poetry/decade-of-dang/zhs	Chang Wu	5	怒	浦	nɔ33	pʰɔ51	inexact	-	6435-6440
book-of-poetry/decade-of-dang/zhs	Chang Wu	5	怒	所	nɔ33	sɔ51	inexact	-	6435-6441
book-of-poetry/decade-of-dang/zhs	Chang Wu	5	浦	所	pʰɔ51	sɔ51	tonal inexact	paired	6440-6441
book-of-poetry/decade-of-dang/zhs	Zhan Yang	2	宁	疾	liŋ24	tɕik̚5ʔ	inexact	-	6460-6464
book-of-poetry/decade-of-dang/zhs	Zhan Yang	3	之	人	tɕi55	dzin24	inexact	paired	6469-6470
book-of-poetry/decade-of-dang/zhs	Zhan Yang	3	之	之	tɕi55	tɕi55	tonal inexact	crossed	6469-6471
book-of-poetry/decade-of-dang/zhs	Zhan Yang	3	之	之	tɕi55	tɕi55	tonal inexact	-	6469-6473
book-of-poetry/decade-of-dang/zhs	Zhan Yang	3	之	之	tɕi55	tɕi55	tonal inexact	-	6469-6475
book-of-poetry/decade-of-dang/zhs	Zhan Yang	3	人	之	dzin24	tɕi55	inexact	paired	6470-6471
book-of-poetry/decade-of-dang/zhs	Zhan Yang	3	人	之	dzin24	tɕi55	inexact	encircling	6470-6473
book-of-poetry/decade-of-dang/zhs	Zhan Yang	3	人	之	dzin24	tɕi55	inexact	-	6470-6475
book-of-poetry/decade-of-dang/zhs	Zhan Yang	3	之	之	tɕi55	tɕi55	tonal inexact	crossed	6471-6473
book-of-poetry/decade-of-dang/zhs	Zhan Yang	3	之	之	tɕi55	tɕi55	tonal inexact	-	6471-6475
book-of-poetry/decade-of-dang/zhs	Zhan Yang	3	之	之	tɕi55	tɕi55	tonal inexact	crossed	6473-6475
book-of-poetry/decade-of-dang/zhs	Zhan Yang	4	鸱	人	tɕʰi55	dzin24	inexact	-	6479-6483
book-of-poetry/decade-of-dang/zhs	Zhan Yang	4	鸱	寺	tɕʰi55	ɕi33	inexact	-	6479-6485
book-of-poetry/decade-of-dang/zhs	Zhan Yang	4	人	寺	dzin24	ɕi33	inexact	crossed	6483-6485
book-of-poetry/decade-of-dang/zhs	Zhan Yang	5	极	识	kik̚5ʔ	ɕik̚3ʔ	exact	encircling	6488-6491
book-of-poetry/decade-of-dang/zhs	Zhan Yang	5	极	织	kik̚5ʔ	tɕit̚3ʔ	inexact	-	6488-6493
book-of-poetry/decade-of-dang/zhs	Zhan Yang	5	识	织	ɕik̚3ʔ	tɕit̚3ʔ	tonal inexact	crossed	6491-6493
book-of-poetry/decade-of-dang/zhs	Zhan Yang	6	狄	忌	tik̚5ʔ	kʰi33	inexact	paired	6496-6497
book-of-poetry/decade-of-dang/zhs	Zhan Yang	6	祥	亡	ɕɔŋ24	bɔŋ24	tonal exact	crossed	6498-6500
book-of-poetry/decade-of-dang/zhs	Zhan Yang	7	亡	亡	bɔŋ24	bɔŋ24	tonal exact	-	6504-6508
book-of-poetry/decade-of-dang/zhs	Zhan Yang	7	矣	矣	aʔ3ʔ	aʔ3ʔ	tonal exact	crossed	6505-6507
book-of-poetry/decade-of-dang/zhs	Zhan Yang	7	矣	矣	aʔ3ʔ	aʔ3ʔ	tonal exact	-	6505-6509
book-of-poetry/decade-of-dang/zhs	Zhan Yang	7	矣	矣	aʔ3ʔ	aʔ3ʔ	tonal exact	crossed	6507-6509
book-of-poetry/decade-of-dang/zhs	Shao Min	2	丧	亡	sɔŋ31	bɔŋ24	exact	crossed	6521-6523
book-of-poetry/decade-of-dang/zhs	Shao Min	3	共	邦	ka33	paŋ55	inexact	crossed	6527-6529
book-of-poetry/decade-of-dang/zhs	Shao Min	6	稗	替	pʰe33	tʰe31	inexact	paired	6544-6545
book-of-poetry/decade-of-dang/zhs	Shao Min	7	矣	矣	aʔ3ʔ	aʔ3ʔ	tonal exact	crossed	6549-6551
book-of-poetry/praise-odes-of-lu/zhs	Jiong	2	皇	臧	hɔŋ24	tsɔŋ55	exact	-	6901-6905
book-of-poetry/praise-odes-of-lu/zhs	Pan Shui	2	芹	止	kʰin24	tɕi51	inexact	paired	6958-6959
book-of-poetry/praise-odes-of-lu/zhs	Pan Shui	2	芹	旗	kʰin24	ki24	tonal inexact	crossed	6958-6960
book-of-poetry/praise-odes-of-lu/zhs	Pan Shui	2	止	旗	tɕi51	ki24	inexact	paired	6959-6960
book-of-poetry/praise-odes-of-lu/zhs	Pan Shui	4	酒	酒	tɕu51	tɕu51	tonal inexact	paired	6976-6977
book-of-poetry/praise-odes-of-lu/zhs	Pan Shui	4	酒	丑	tɕu51	tɕʰu51	tonal inexact	-	6976-6980
book-of-poetry/praise-odes-of-lu/zhs	Pan Shui	4	酒	丑	tɕu51	tɕʰu51	tonal inexact	encircling	6977-6980
book-of-poetry/praise-odes-of-lu/zhs	Pan Shui	5	德	仪	tik̚3ʔ	gi24	inexact	paired	6982-6983
book-of-poetry/praise-odes-of-lu/zhs	Pan Shui	5	德	则	tik̚3ʔ	tɕik̚3ʔ	tonal exact	crossed	6982-6984
book-of-poetry/praise-odes-of-lu/zhs	Pan Shui	5	仪	则	gi24	tɕik̚3ʔ	inexact	paired	6983-6984
book-of-poetry/praise-odes-of-lu/zhs	Pan Shui	6	德	臣	tik̚3ʔ	ɕin24	inexact	encircling	6990-6993
book-of-poetry/praise-odes-of-lu/zhs	Pan Shui	7	心	征	ɕim55	tɕiŋ55	tonal inexact	paired	6998-6999
book-of-poetry/praise-odes-of-lu/zhs	Pan Shui	8	夷	逆	i24	gik̚5ʔ	inexact	paired	7009-7010
book-of-poetry/praise-odes-of-lu/zhs	Bi Gong	2	依	迟	i55	ti24	inexact	crossed	7025-7027
book-of-poetry/praise-odes-of-lu/zhs	Bi Gong	2	依	稷	i55	tɕik̚3ʔ	inexact	encircling	7025-7028
book-of-poetry/praise-odes-of-lu/zhs	Bi Gong	2	迟	稷	ti24	tɕik̚3ʔ	inexact	paired	7027-7028
book-of-poetry/praise-odes-of-lu/zhs	Bi Gong	2	福	国	hɔk̚3ʔ	kɔk̚3ʔ	tonal exact	encircling	7029-7032
book-of-poetry/praise-odes-of-lu/zhs	Bi Gong	2	福	土	hɔk̚3ʔ	tʰɔ51	inexact	-	7029-7036
book-of-poetry/praise-odes-of-lu/zhs	Bi Gong	2	国	土	kɔk̚3ʔ	tʰɔ51	inexact	-	7032-7036
book-of-poetry/praise-odes-of-lu/zhs	Bi Gong	3	王	商	ɔŋ24	ɕɔŋ55	exact	crossed	7039-7041
book-of-poetry/praise-odes-of-lu/zhs	Bi Gong	3	武	绪	bu51	su33	inexact	paired	7042-7043
book-of-poetry/praise-odes-of-lu/zhs	Bi Gong	3	武	虞	bu51	gu24	inexact	-	7042-7046
book-of-poetry/praise-odes-of-lu/zhs	Bi Gong	3	武	父	bu51	hu33	inexact	-	7042-7050
book-of-poetry/praise-odes-of-lu/zhs	Bi Gong	3	绪	虞	su33	gu24	inexact	encircling	7043-7046
book-of-poetry/praise-odes-of-lu/zhs	Bi Gong	3	绪	父	su33	hu33	tonal inexact	-	7043-7050
book-of-poetry/praise-odes-of-lu/zhs	Bi Gong	3	虞	父	gu24	hu33	inexact	-	7046-7050
book-of-poetry/praise-odes-of-lu/zhs	Bi Gong	3	虞	宇	gu24	u51	inexact	-	7046-7053
book-of-poetry/praise-odes-of-lu/zhs	Bi Gong	3	虞	辅	gu24	hu51	inexact	-	7046-7054
book-of-poetry/praise-odes-of-lu/zhs	Bi Gong	3	父	宇	hu33	u51	inexact	encircling	7050-7053
book-of-poetry/praise-odes-of-lu/zhs	Bi Gong	3	父	辅	hu33	hu51	inexact	-	7050-7054
book-of-poetry/praise-odes-of-lu/zhs	Bi Gong	3	宇	辅	u51	hu51	tonal inexact	paired	7053-7054
book-of-poetry/praise-odes-of-lu/zhs	Bi Gong	4	稷	牺	tɕik̚3ʔ	hi55	inexact	paired	7066-7067
book-of-poetry/praise-odes-of-lu/zhs	Bi Gong	4	稷	宜	tɕik̚3ʔ	gi24	inexact	crossed	7066-7068
book-of-poetry/praise-odes-of-lu/zhs	Bi Gong	4	牺	宜	hi55	gi24	inexact	paired	7067-7068
book-of-poetry/praise-odes-of-lu/zhs	Bi Gong	5	衡	庆	hiŋ24	kʰing31	inexact	-	7073-7079
book-of-poetry/praise-odes-of-lu/zhs	Bi Gong	5	刚	将	kɔŋ55	tɕɔŋ55	tonal exact	paired	7074-7075
book-of-poetry/praise-odes-of-lu/zhs	Bi Gong	5	刚	昌	kɔŋ55	tɕʰɔŋ55	tonal exact	-	7074-7080
book-of-poetry/praise-odes-of-lu/zhs	Bi Gong	5	刚	臧	kɔŋ55	tsɔŋ55	tonal exact	-	7074-7081
book-of-poetry/praise-odes-of-lu/zhs	Bi Gong	5	将	昌	tɕɔŋ55	tɕʰɔŋ55	tonal exact	-	7075-7080
book-of-poetry/praise-odes-of-lu/zhs	Bi Gong	5	将	臧	tɕɔŋ55	tsɔŋ55	tonal exact	-	7075-7081
book-of-poetry/praise-odes-of-lu/zhs	Bi Gong	5	庆	腾	kʰing31	tʰing24	exact	-	7079-7085
book-of-poetry/praise-odes-of-lu/zhs	Bi Gong	5	昌	臧	tɕʰɔŋ55	tsɔŋ55	tonal exact	paired	7080-7081
book-of-poetry/praise-odes-of-lu/zhs	Bi Gong	5	昌	常	tɕʰɔŋ55	ɕɔŋ24	exact	encircling	7080-7083
book-of-poetry/praise-odes-of-lu/zhs	Bi Gong	5	臧	常	tsɔŋ55	ɕɔŋ24	exact	crossed	7081-7083
book-of-poetry/praise-odes-of-lu/zhs	Bi Gong	5	腾	朋	tʰing24	piŋ24	tonal inexact	paired	7085-7086
book-of-poetry/praise-odes-of-lu/zhs	Bi Gong	5	腾	陵	tʰing24	liŋ24	tonal inexact	crossed	7085-7087
book-of-poetry/praise-odes-of-lu/zhs	Bi Gong	5	朋	陵	piŋ24	liŋ24	tonal exact	paired	7086-7087
book-of-poetry/praise-odes-of-lu/zhs	Bi Gong	6	增	惩	tɕiŋ55	tiŋ24	exact	crossed	7093-7095
book-of-poetry/praise-odes-of-lu/zhs	Bi Gong	6	增	试	tɕiŋ55	tɕʰi31	inexact	-	7093-7100
book-of-poetry/praise-odes-of-lu/zhs	Bi Gong	6	惩	试	tiŋ24	tɕʰi31	inexact	-	7095-7100
book-of-poetry/praise-odes-of-lu/zhs	Bi Gong	9	宇	士	u51	su33	inexact	encircling	7124-7127
book-of-poetry/praise-odes-of-lu/zhs	Bi Gong	9	喜	祉	hi51	tɕi51	tonal inexact	-	7125-7129
book-of-poetry/praise-odes-of-lu/zhs	Bi Gong	9	喜	齿	hi51	kʰi51	tonal inexact	-	7125-7130
book-of-poetry/praise-odes-of-lu/zhs	Bi Gong	9	祉	齿	tɕi51	kʰi51	tonal inexact	paired	7129-7130
book-of-poetry/sacrificial-odes-of-shang/zhs	Chang Fa	2	祥	将	ɕɔŋ24	tɕɔŋ55	exact	-	7208-7213
book-of-poetry/sacrificial-odes-of-shang/zhs	Chang Fa	2	祥	商	ɕɔŋ24	ɕɔŋ55	exact	-	7208-7214
book-of-poetry/sacrificial-odes-of-shang/zhs	Chang Fa	2	将	商	tɕɔŋ55	ɕɔŋ55	tonal exact	paired	7213-7214
book-of-poetry/sacrificial-odes-of-shang/zhs	Chang Fa	3	达	截	tat̚5ʔ	tɕat̚5ʔ	tonal exact	-	7217-7221
book-of-poetry/sacrificial-odes-of-shang/zhs	Chang Fa	4	迟	迟	ti24	ti24	tonal inexact	crossed	7224-7226
book-of-poetry/sacrificial-odes-of-shang/zhs	Chang Fa	5	休	柔	hiu55	dziu24	inexact	crossed	7231-7233
book-of-poetry/sacrificial-odes-of-shang/zhs	Chang Fa	5	休	优	hiu55	iu55	tonal inexact	encircling	7231-7234
book-of-poetry/sacrificial-odes-of-shang/zhs	Chang Fa	5	柔	优	dziu24	iu55	inexact	paired	7233-7234
book-of-poetry/sacrificial-odes-of-shang/zhs	Chang Fa	7	达	截	tat̚5ʔ	tɕat̚5ʔ	tonal exact	paired	7248-7249
book-of-poetry/sacrificial-odes-of-shang/zhs	Yin Wu	2	楚	阻	tsʰɔ51	tsɔ51	tonal inexact	paired	7259-7260
book-of-poetry/sacrificial-odes-of-shang/zhs	Yin Wu	2	楚	所	tsʰɔ51	sɔ51	tonal inexact	encircling	7259-7262
book-of-poetry/sacrificial-odes-of-shang/zhs	Yin Wu	2	阻	所	tsɔ51	sɔ51	tonal inexact	crossed	7260-7262
book-of-poetry/sacrificial-odes-of-shang/zhs	Yin Wu	3	王	常	ɔŋ24	ɕɔŋ24	tonal exact	paired	7269-7270
book-of-poetry/sacrificial-odes-of-shang/zhs	Yin Wu	4	辟	适	pʰik̚3ʔ	ɕik̚3ʔ	tonal exact	paired	7273-7274
book-of-poetry/sacrificial-odes-of-shang/zhs	Yin Wu	5	国	福	kɔk̚3ʔ	hɔk̚3ʔ	tonal exact	paired	7280-7281
book-of-poetry/sacrificial-odes-of-shang/zhs	Yin Wu	6	灵	宁	liŋ24	liŋ24	tonal exact	paired	7285-7286
